FIGURE,SETTING,INDICATOR,GROUP,SUBGROUP,TIME,START_TIME,END_TIME,VALUE,MEASURE,Hospital Name,DrugRecordID
6,ED,Stimulants overdose,Age,16-34 Years,1,01/01/2023,01/31/2023,0.909090909,Percent,HOUSTON METHODIST WILLOWBROOK HOSPITAL,7577
6,ED,Cannabis overdose,Age,16-34 Years,1,01/01/2023,01/31/2023,1.818181818,Percent,PLAINS REGIONAL MEDICAL CENTER,7578
6,ED,Benzodiazepine overdose,Age,16-34 Years,1,01/01/2023,01/31/2023,0.0,Percent,EAST GEORGIA REGIONAL MEDICAL CENTER,7579
6,ED,Stimulants overdose,Age,16-34 Years,2,02/01/2023,02/28/2023,0.0,Percent,BANNER HEART HOSPITAL,7580
6,ED,Cannabis overdose,Age,16-34 Years,2,02/01/2023,02/28/2023,0.0,Percent,SWEDISH ISSAQUAH,7581
6,ED,Benzodiazepine overdose,Age,16-34 Years,2,02/01/2023,02/28/2023,0.0,Percent,BARRETT HOSPITAL & HEALTHCARE,7582
6,ED,Stimulants overdose,Age,16-34 Years,3,03/01/2023,03/31/2023,4.672897196,Percent,BARTLETT REGIONAL HOSPITAL,7583
6,ED,Cannabis overdose,Age,16-34 Years,3,03/01/2023,03/31/2023,1.869158879,Percent,ADVENTHEALTH NEW SMYRNA BEACH,7584
6,ED,Benzodiazepine overdose,Age,16-34 Years,3,03/01/2023,03/31/2023,2.803738318,Percent,"STORMONT VAIL HEALTH FLINT HILLS, LLC",7585
6,ED,Stimulants overdose,Age,16-34 Years,4,04/01/2023,04/30/2023,4.672897196,Percent,LICKING MEMORIAL HOSPITAL,7586
6,ED,Cannabis overdose,Age,16-34 Years,4,04/01/2023,04/30/2023,0.934579439,Percent,UNICOI COUNTY  HOSPITAL,7587
6,ED,Benzodiazepine overdose,Age,16-34 Years,4,04/01/2023,04/30/2023,2.803738318,Percent,INDIANA UNIVERSITY HEALTH TIPTON HOSPITAL INC,7588
6,ED,Stimulants overdose,Age,16-34 Years,5,05/01/2023,05/31/2023,5.737704918,Percent,COREWELL HEALTH GERBER HOSPITAL,7589
6,ED,Cannabis overdose,Age,16-34 Years,5,05/01/2023,05/31/2023,0.819672131,Percent,ST FRANCIS HOSPITAL & MEDICAL CENTER,7590
6,ED,Benzodiazepine overdose,Age,16-34 Years,5,05/01/2023,05/31/2023,2.459016393,Percent,CALIFORNIA PACIFIC MEDICAL CTR-DAVIES CAMPUS HOSP,7591
6,ED,Stimulants overdose,Age,16-34 Years,6,06/01/2023,06/30/2023,6.956521739,Percent,ESSENTIA HEALTH DEER RIVER,7592
6,ED,Cannabis overdose,Age,16-34 Years,6,06/01/2023,06/30/2023,0.869565217,Percent,ELLSWORTH COUNTY MEDICAL CENTER,7593
6,ED,Benzodiazepine overdose,Age,16-34 Years,6,06/01/2023,06/30/2023,2.608695652,Percent,UPMC MERCY,7594
6,ED,Stimulants overdose,Age,16-34 Years,7,07/01/2023,07/31/2023,10.41666667,Percent,LIVINGSTON HEALTHCARE,7595
6,ED,Cannabis overdose,Age,16-34 Years,7,07/01/2023,07/31/2023,1.041666667,Percent,ATRIUM HEALTH FLOYD MEDICAL CENTER,7596
6,ED,Benzodiazepine overdose,Age,16-34 Years,7,07/01/2023,07/31/2023,2.083333333,Percent,SKY RIDGE MEDICAL CENTER,7597
6,ED,Stimulants overdose,Age,16-34 Years,8,08/01/2023,08/31/2023,3.669724771,Percent,SHERIDAN MEMORIAL HOSPTIAL,7598
6,ED,Cannabis overdose,Age,16-34 Years,8,08/01/2023,08/31/2023,0.917431193,Percent,PAWNEE COUNTY MEMORIAL HOSPITAL,7599
6,ED,Benzodiazepine overdose,Age,16-34 Years,8,08/01/2023,08/31/2023,0.0,Percent,WESTERN MARYLAND REGIONAL MEDICAL CENTER,7600
6,ED,Stimulants overdose,Age,16-34 Years,9,09/01/2023,09/30/2023,7.216494845,Percent,CITIZENS MEMORIAL HOSPITAL,7601
6,ED,Cannabis overdose,Age,16-34 Years,9,09/01/2023,09/30/2023,3.092783505,Percent,BAKERSFIELD MEMORIAL HOSPITAL,7602
6,ED,Benzodiazepine overdose,Age,16-34 Years,9,09/01/2023,09/30/2023,1.030927835,Percent,CENTURA HEALTH-PORTER ADVENTIST HOSPITAL,7603
6,ED,Stimulants overdose,Age,16-34 Years,10,10/01/2023,10/31/2023,5.0,Percent,WILLIAMSON MEDICAL CENTER,7604
6,ED,Cannabis overdose,Age,16-34 Years,10,10/01/2023,10/31/2023,0.0,Percent,ST VINCENT GENERAL HOSPITAL DISTRICT,7605
6,ED,Benzodiazepine overdose,Age,16-34 Years,10,10/01/2023,10/31/2023,1.0,Percent,HURON VALLEY-SINAI HOSPITAL,7606
6,ED,Stimulants overdose,Age,16-34 Years,11,11/01/2023,11/30/2023,5.063291139,Percent,PEACEHEALTH KETCHIKAN MEDICAL CENTER,7607
6,ED,Cannabis overdose,Age,16-34 Years,11,11/01/2023,11/30/2023,2.53164557,Percent,MOREHOUSE GENERAL HOSPITAL,7608
6,ED,Benzodiazepine overdose,Age,16-34 Years,11,11/01/2023,11/30/2023,2.53164557,Percent,OCEANS BEHAVIORAL HOSPITAL OF LUBBOCK,7609
6,ED,Stimulants overdose,Age,16-34 Years,12,12/01/2023,12/31/2023,4.225352113,Percent,HANSFORD COUNTY HOSPITAL,7610
6,ED,Cannabis overdose,Age,16-34 Years,12,12/01/2023,12/31/2023,0.0,Percent,HARRISON MEMORIAL HOSPITAL,7611
6,ED,Benzodiazepine overdose,Age,16-34 Years,12,12/01/2023,12/31/2023,0.0,Percent,AVERA HOLY FAMILY HOSPITAL,7612
6,ED,Stimulants overdose,Age,16-34 Years,13,01/01/2024,01/31/2024,1.470588235,Percent,LAKE BUTLER HOSPITAL,7613
6,ED,Cannabis overdose,Age,16-34 Years,13,01/01/2024,01/31/2024,1.470588235,Percent,MEDICAL CENTER ENTERPRISE,7614
6,ED,Benzodiazepine overdose,Age,16-34 Years,13,01/01/2024,01/31/2024,1.470588235,Percent,SINGING RIVER GULFPORT,7615
6,ED,Stimulants overdose,Age,16-34 Years,14,02/01/2024,02/29/2024,4.411764706,Percent,HALIFAX HEALTH /UF HEALTH MEDICAL CENTER OF DELTON,7616
6,ED,Cannabis overdose,Age,16-34 Years,14,02/01/2024,02/29/2024,1.470588235,Percent,UPMC ST MARGARET,7617
6,ED,Benzodiazepine overdose,Age,16-34 Years,14,02/01/2024,02/29/2024,1.470588235,Percent,BUFFALO HOSPITAL,7618
6,ED,Stimulants overdose,Age,16-34 Years,15,03/01/2024,03/31/2024,3.797468354,Percent,SAN ANTONIO VA MEDICAL CENTER (VA SOUTH TEXAS HEALTHCARE SYSTEM),7619
6,ED,Cannabis overdose,Age,16-34 Years,15,03/01/2024,03/31/2024,2.53164557,Percent,HCA FLORIDA KENDALL HOSPITAL,7620
6,ED,Benzodiazepine overdose,Age,16-34 Years,15,03/01/2024,03/31/2024,2.53164557,Percent,SSM HEALTH ST ANTHONY HOSPITAL - MIDWEST,7621
6,ED,Stimulants overdose,Age,16-34 Years,16,04/01/2024,04/30/2024,8.333333333,Percent,"LUMINIS HEALTH DOCTORS COMMUNITY MEDICAL CTR, INC",7622
6,ED,Cannabis overdose,Age,16-34 Years,16,04/01/2024,04/30/2024,0.0,Percent,LAKEVIEW HOSPITAL,7623
6,ED,Benzodiazepine overdose,Age,16-34 Years,16,04/01/2024,04/30/2024,0.0,Percent,TEXAS HEALTH HOSPITAL MANSFIELD,7624
6,ED,Stimulants overdose,Age,16-34 Years,17,05/01/2024,05/31/2024,3.174603175,Percent,BRENTWOOD MEADOWS LLC,7625
6,ED,Cannabis overdose,Age,16-34 Years,17,05/01/2024,05/31/2024,0.0,Percent,SOUTH OAKS HOSP,7626
6,ED,Benzodiazepine overdose,Age,16-34 Years,17,05/01/2024,05/31/2024,0.0,Percent,STURDY MEMORIAL HOSPITAL,7627
6,ED,Stimulants overdose,Age,16-34 Years,18,06/01/2024,06/30/2024,12.85714286,Percent,TRISTAR SOUTHERN HILLS MEDICAL CENTER,7628
6,ED,Cannabis overdose,Age,16-34 Years,18,06/01/2024,06/30/2024,2.857142857,Percent,PALMDALE REGIONAL MEDICAL CENTER,7629
6,ED,Benzodiazepine overdose,Age,16-34 Years,18,06/01/2024,06/30/2024,2.857142857,Percent,HAMPSHIRE MEMORIAL HOSPITAL,7630
6,ED,Stimulants overdose,Age,16-34 Years,19,07/01/2024,07/31/2024,7.042253521,Percent,ST SIMONS-BY-THE-SEA,7631
6,ED,Cannabis overdose,Age,16-34 Years,19,07/01/2024,07/31/2024,1.408450704,Percent,CHIPPEWA COUNTY WAR MEMORIAL HOSPITAL,7632
6,ED,Benzodiazepine overdose,Age,16-34 Years,19,07/01/2024,07/31/2024,4.225352113,Percent,STRATEGIC BEHAVIORAL CENTER-LELAND,7633
6,ED,Stimulants overdose,Age,16-34 Years,20,08/01/2024,08/31/2024,6.944444444,Percent,"COMMUNITY HOSPITAL, ONAGA AND ST MARYS CAMPUS",7634
6,ED,Cannabis overdose,Age,16-34 Years,20,08/01/2024,08/31/2024,1.388888889,Percent,HAZARD ARH REGIONAL MEDICAL CENTER,7635
6,ED,Benzodiazepine overdose,Age,16-34 Years,20,08/01/2024,08/31/2024,6.944444444,Percent,CROUSE HOSPITAL,7636
6,ED,Stimulants overdose,Age,16-34 Years,21,09/01/2024,09/30/2024,5.084745763,Percent,SOUTH BIG HORN COUNTY HOSPITAL,7637
6,ED,Cannabis overdose,Age,16-34 Years,21,09/01/2024,09/30/2024,1.694915254,Percent,ST LOUIS-JOHN COCHRAN VA MEDICAL CENTER,7638
6,ED,Benzodiazepine overdose,Age,16-34 Years,21,09/01/2024,09/30/2024,0.0,Percent,COVINGTON COUNTY HOSPITAL CAH,7639
6,ED,Stimulants overdose,Age,16-34 Years,22,10/01/2024,10/31/2024,9.615384615,Percent,ORTONVILLE AREA HEALTH SERVICES,7640
6,ED,Cannabis overdose,Age,16-34 Years,22,10/01/2024,10/31/2024,3.846153846,Percent,PRESENCE SAINTS MARY AND ELIZABETH MEDICAL CENTER,7641
6,ED,Benzodiazepine overdose,Age,16-34 Years,22,10/01/2024,10/31/2024,3.846153846,Percent,SOUTHWESTERN MEDICAL CENTER,7642
6,ED,Stimulants overdose,Age,16-34 Years,23,11/01/2024,11/30/2024,6.451612903,Percent,JEFFERSON REGIONAL MEDICAL CENTER,7643
6,ED,Cannabis overdose,Age,16-34 Years,23,11/01/2024,11/30/2024,1.612903226,Percent,ASHLEY REGIONAL MEDICAL CENTER,7644
6,ED,Benzodiazepine overdose,Age,16-34 Years,23,11/01/2024,11/30/2024,1.612903226,Percent,SAINT ANTHONY HOSPITAL,7645
6,ED,Stimulants overdose,Age,16-34 Years,24,12/01/2024,12/31/2024,4.285714286,Percent,HOSPITAL EPISCOPAL  SAN LUCAS METRO,7646
6,ED,Cannabis overdose,Age,16-34 Years,24,12/01/2024,12/31/2024,2.857142857,Percent,SUMMIT HEALTHCARE REGIONAL MEDICAL CENTER,7647
6,ED,Benzodiazepine overdose,Age,16-34 Years,24,12/01/2024,12/31/2024,1.428571429,Percent,KENTUCKY RIVER MEDICAL CENTER,7648
6,ED,Stimulants overdose,Age,35-54 Years,1,01/01/2023,01/31/2023,6.153846154,Percent,WELLSTAR DOUGLAS MEDICAL CENTER,7649
6,ED,Cannabis overdose,Age,35-54 Years,1,01/01/2023,01/31/2023,0.0,Percent,MARSHALL MEDICAL CENTERS,7650
6,ED,Benzodiazepine overdose,Age,35-54 Years,1,01/01/2023,01/31/2023,1.538461538,Percent,GROVE CREEK MEDICAL CENTER,7651
6,ED,Stimulants overdose,Age,35-54 Years,2,02/01/2023,02/28/2023,5.263157895,Percent,UPMC CARLISLE,7652
6,ED,Cannabis overdose,Age,35-54 Years,2,02/01/2023,02/28/2023,0.877192982,Percent,MAIMONIDES MEDICAL CENTER,7653
6,ED,Benzodiazepine overdose,Age,35-54 Years,2,02/01/2023,02/28/2023,3.50877193,Percent,PALO ALTO COUNTY HOSPITAL,7654
6,ED,Stimulants overdose,Age,35-54 Years,3,03/01/2023,03/31/2023,5.633802817,Percent,ROCKFORD CENTER,7655
6,ED,Cannabis overdose,Age,35-54 Years,3,03/01/2023,03/31/2023,0.0,Percent,HUMBOLDT COUNTY MEMORIAL HOSPITAL,7656
6,ED,Benzodiazepine overdose,Age,35-54 Years,3,03/01/2023,03/31/2023,2.816901408,Percent,MAHASKA  HEALTH PARTNERSHIP,7657
6,ED,Stimulants overdose,Age,35-54 Years,4,04/01/2023,04/30/2023,6.201550388,Percent,COOPER UNIVERSITY HOSPITAL,7658
6,ED,Cannabis overdose,Age,35-54 Years,4,04/01/2023,04/30/2023,2.325581395,Percent,HAVENWYCK HOSPITAL,7659
6,ED,Benzodiazepine overdose,Age,35-54 Years,4,04/01/2023,04/30/2023,0.0,Percent,SSM HEALTH ST AGNES HOSPITAL-FOND DU LAC,7660
6,ED,Stimulants overdose,Age,35-54 Years,5,05/01/2023,05/31/2023,4.347826087,Percent,NEWARK-WAYNE COMMUNITY HOSPITAL,7661
6,ED,Cannabis overdose,Age,35-54 Years,5,05/01/2023,05/31/2023,0.621118012,Percent,MELBOURNE REGIONAL MEDICAL CENTER,7662
6,ED,Benzodiazepine overdose,Age,35-54 Years,5,05/01/2023,05/31/2023,1.242236025,Percent,THE HEALING PLACE,7663
6,ED,Stimulants overdose,Age,35-54 Years,6,06/01/2023,06/30/2023,1.986754967,Percent,FORT HAMILTON HUGHES MEMORIAL HOSPITAL,7664
6,ED,Cannabis overdose,Age,35-54 Years,6,06/01/2023,06/30/2023,0.0,Percent,GOOD SAMARITAN REGIONAL HLTH CENTER,7665
6,ED,Benzodiazepine overdose,Age,35-54 Years,6,06/01/2023,06/30/2023,1.324503311,Percent,MID-COLUMBIA MEDICAL CENTER,7666
6,ED,Stimulants overdose,Age,35-54 Years,7,07/01/2023,07/31/2023,3.468208092,Percent,VA NEW JERSEY HEALTH CARE SYSTEM,7667
6,ED,Cannabis overdose,Age,35-54 Years,7,07/01/2023,07/31/2023,1.156069364,Percent,MELROSEWAKEFIELD HEALTHCARE,7668
6,ED,Benzodiazepine overdose,Age,35-54 Years,7,07/01/2023,07/31/2023,1.734104046,Percent,WELLSTAR SYLVAN GROVE MEDICAL CENTER,7669
6,ED,Stimulants overdose,Age,35-54 Years,8,08/01/2023,08/31/2023,4.411764706,Percent,EL CENTRO REGIONAL MEDICAL CENTER,7670
6,ED,Cannabis overdose,Age,35-54 Years,8,08/01/2023,08/31/2023,1.470588235,Percent,SIERRA VIEW MEDICAL CENTER,7671
6,ED,Benzodiazepine overdose,Age,35-54 Years,8,08/01/2023,08/31/2023,2.205882353,Percent,MOUNT SINAI ST LUKE'S ROOSEVELT HOSPITAL,7672
6,ED,Stimulants overdose,Age,35-54 Years,9,09/01/2023,09/30/2023,5.128205128,Percent,"WILLOUGH AT NAPLES, THE",7673
6,ED,Cannabis overdose,Age,35-54 Years,9,09/01/2023,09/30/2023,0.854700855,Percent,SHELBY BAPTIST MEDICAL CENTER,7674
6,ED,Benzodiazepine overdose,Age,35-54 Years,9,09/01/2023,09/30/2023,1.709401709,Percent,HILLCREST MEDICAL CENTER,7675
6,ED,Stimulants overdose,Age,35-54 Years,10,10/01/2023,10/31/2023,6.25,Percent,MID COAST HOSPITAL,7676
6,ED,Cannabis overdose,Age,35-54 Years,10,10/01/2023,10/31/2023,0.694444444,Percent,HOSPITAL GENERAL DE CASTANER,7677
6,ED,Benzodiazepine overdose,Age,35-54 Years,10,10/01/2023,10/31/2023,3.472222222,Percent,MEDSTAR SOUTHERN MARYLAND HOSPITAL CENTER,7678
6,ED,Stimulants overdose,Age,35-54 Years,11,11/01/2023,11/30/2023,4.210526316,Percent,KECK HOSPITAL OF USC,7679
6,ED,Cannabis overdose,Age,35-54 Years,11,11/01/2023,11/30/2023,0.0,Percent,"GENESIS MEDICAL CENTER, ALEDO",7680
6,ED,Benzodiazepine overdose,Age,35-54 Years,11,11/01/2023,11/30/2023,2.105263158,Percent,ABRAZO SCOTTSDALE CAMPUS,7681
6,ED,Stimulants overdose,Age,35-54 Years,12,12/01/2023,12/31/2023,4.761904762,Percent,ST PETERS HEALTH,7682
6,ED,Cannabis overdose,Age,35-54 Years,12,12/01/2023,12/31/2023,0.0,Percent,STAR VALLEY MEDICAL CENTER,7683
6,ED,Benzodiazepine overdose,Age,35-54 Years,12,12/01/2023,12/31/2023,3.80952381,Percent,"WELLSTAR MCG HEALTH, AFFILIATED WITH MED COL",7684
6,ED,Stimulants overdose,Age,35-54 Years,13,01/01/2024,01/31/2024,5.813953488,Percent,PARKVIEW REGIONAL MEDICAL CENTER,7685
6,ED,Cannabis overdose,Age,35-54 Years,13,01/01/2024,01/31/2024,2.325581395,Percent,UNIVERSITY OF MD SHORE MEDICAL CTR AT CHESTERTOWN,7686
6,ED,Benzodiazepine overdose,Age,35-54 Years,13,01/01/2024,01/31/2024,0.0,Percent,HOSPITAL DISTRICT #6 PATTERSON HEALTH CENTER,7687
6,ED,Stimulants overdose,Age,35-54 Years,14,02/01/2024,02/29/2024,3.260869565,Percent,INOVA MOUNT VERNON HOSPITAL,7688
6,ED,Cannabis overdose,Age,35-54 Years,14,02/01/2024,02/29/2024,0.0,Percent,BAPTIST MEDICAL CENTER ATTALA,7689
6,ED,Benzodiazepine overdose,Age,35-54 Years,14,02/01/2024,02/29/2024,3.260869565,Percent,SAN LUIS VALLEY HEALTH CONEJOS COUNTY HOSPITAL,7690
6,ED,Stimulants overdose,Age,35-54 Years,15,03/01/2024,03/31/2024,8.035714286,Percent,GREELEY COUNTY HEALTH SERVICES,7691
6,ED,Cannabis overdose,Age,35-54 Years,15,03/01/2024,03/31/2024,0.892857143,Percent,ATRIUM HEALTH FLOYD POLK MEDICAL CENTER,7692
6,ED,Benzodiazepine overdose,Age,35-54 Years,15,03/01/2024,03/31/2024,0.0,Percent,ADAMS MEMORIAL HOSPITAL,7693
6,ED,Stimulants overdose,Age,35-54 Years,16,04/01/2024,04/30/2024,5.494505495,Percent,ALTA BATES SUMMIT MEDICAL CENTER - ALTA BATES CAMP,7694
6,ED,Cannabis overdose,Age,35-54 Years,16,04/01/2024,04/30/2024,0.0,Percent,MERCY HOSPITAL JEFFERSON,7695
6,ED,Benzodiazepine overdose,Age,35-54 Years,16,04/01/2024,04/30/2024,5.494505495,Percent,AVERA MARSHALL REGIONAL MEDICAL CTR,7696
6,ED,Stimulants overdose,Age,35-54 Years,17,05/01/2024,05/31/2024,4.597701149,Percent,RED BUD REGIONAL HOSPITAL,7697
6,ED,Cannabis overdose,Age,35-54 Years,17,05/01/2024,05/31/2024,2.298850575,Percent,STEWART MEMORIAL COMMUNITY HOSPITAL,7698
6,ED,Benzodiazepine overdose,Age,35-54 Years,17,05/01/2024,05/31/2024,2.298850575,Percent,SAN ANTONIO REGIONAL HOSPITAL,7699
6,ED,Stimulants overdose,Age,35-54 Years,18,06/01/2024,06/30/2024,5.555555556,Percent,MEMORIAL MEDICAL CENTER,7700
6,ED,Cannabis overdose,Age,35-54 Years,18,06/01/2024,06/30/2024,0.0,Percent,SAINT LUKE'S SOUTH HOSPITAL,7701
6,ED,Benzodiazepine overdose,Age,35-54 Years,18,06/01/2024,06/30/2024,0.925925926,Percent,VA SALT LAKE CITY HEALTHCARE - GEORGE E. WAHLEN VA MEDICAL CENTER,7702
6,ED,Stimulants overdose,Age,35-54 Years,19,07/01/2024,07/31/2024,6.060606061,Percent,HCA FLORIDA SOUTH SHORE HOSPITAL,7703
6,ED,Cannabis overdose,Age,35-54 Years,19,07/01/2024,07/31/2024,1.01010101,Percent,MOUNT SINAI BETH ISRAEL,7704
6,ED,Benzodiazepine overdose,Age,35-54 Years,19,07/01/2024,07/31/2024,3.03030303,Percent,SAINT JOHN'S HEALTH CENTER,7705
6,ED,Stimulants overdose,Age,35-54 Years,20,08/01/2024,08/31/2024,2.941176471,Percent,BATTLE MOUNTAIN GENERAL HOSPITAL,7706
6,ED,Cannabis overdose,Age,35-54 Years,20,08/01/2024,08/31/2024,1.960784314,Percent,LOGAN HEALTH - WHITEFISH,7707
6,ED,Benzodiazepine overdose,Age,35-54 Years,20,08/01/2024,08/31/2024,0.980392157,Percent,JEFFERSON STRATFORD HOSPITAL,7708
6,ED,Stimulants overdose,Age,35-54 Years,21,09/01/2024,09/30/2024,3.797468354,Percent,"ST MARY CORWIN MED CTR, CENTURA HEALTH",7709
6,ED,Cannabis overdose,Age,35-54 Years,21,09/01/2024,09/30/2024,2.53164557,Percent,NORTH OAKS MEDICAL CENTER,7710
6,ED,Benzodiazepine overdose,Age,35-54 Years,21,09/01/2024,09/30/2024,1.265822785,Percent,CHILDRENS HOSPITAL OF WISCONSIN,7711
6,ED,Stimulants overdose,Age,35-54 Years,22,10/01/2024,10/31/2024,3.409090909,Percent,THE MEDICAL CENTER OF AURORA & SOUTH HOSPITAL,7712
6,ED,Cannabis overdose,Age,35-54 Years,22,10/01/2024,10/31/2024,3.409090909,Percent,IOWA SPECIALTY HOSPITAL - BELMOND,7713
6,ED,Benzodiazepine overdose,Age,35-54 Years,22,10/01/2024,10/31/2024,1.136363636,Percent,HCA FLORIDA OSCEOLA HOSPITAL,7714
6,ED,Stimulants overdose,Age,35-54 Years,23,11/01/2024,11/30/2024,8.333333333,Percent,BEACON BEHAVIORAL HOSPITAL - LUTCHER,7715
6,ED,Cannabis overdose,Age,35-54 Years,23,11/01/2024,11/30/2024,1.388888889,Percent,BIENVILLE MEDICAL CENTER,7716
6,ED,Benzodiazepine overdose,Age,35-54 Years,23,11/01/2024,11/30/2024,4.166666667,Percent,MAYO CLINIC HEALTH SYSTEM - FAIRMONT,7717
6,ED,Stimulants overdose,Age,35-54 Years,24,12/01/2024,12/31/2024,5.263157895,Percent,MAINEHEALTH FRANKLIN HOSPITAL,7718
6,ED,Cannabis overdose,Age,35-54 Years,24,12/01/2024,12/31/2024,1.315789474,Percent,CORTERRA OF WICHITA LLC,7719
6,ED,Benzodiazepine overdose,Age,35-54 Years,24,12/01/2024,12/31/2024,2.631578947,Percent,COMMUNITY BEHAVIORAL HOSPITAL FERGUS FALLS,7720
6,ED,Stimulants overdose,Age,55+ Years,1,01/01/2023,01/31/2023,4.285714286,Percent,MYMICHIGAN MEDICAL CENTER ALPENA,7721
6,ED,Cannabis overdose,Age,55+ Years,1,01/01/2023,01/31/2023,1.428571429,Percent,"VILLAGES REGIONAL HOSPITAL, THE",7722
6,ED,Benzodiazepine overdose,Age,55+ Years,1,01/01/2023,01/31/2023,1.428571429,Percent,"NEUROPSYCHIATRIC HOSPITAL OF INDIANAPOLIS, LLC",7723
6,ED,Stimulants overdose,Age,55+ Years,2,02/01/2023,02/28/2023,3.896103896,Percent,SAINT JAMES HOSPITAL,7724
6,ED,Cannabis overdose,Age,55+ Years,2,02/01/2023,02/28/2023,0.0,Percent,MCLAREN FLINT,7725
6,ED,Benzodiazepine overdose,Age,55+ Years,2,02/01/2023,02/28/2023,1.298701299,Percent,EL CAMINO HOSPITAL,7726
6,ED,Stimulants overdose,Age,55+ Years,3,03/01/2023,03/31/2023,1.449275362,Percent,CORAL SHORES BEHAVIORAL HEALTH,7727
6,ED,Cannabis overdose,Age,55+ Years,3,03/01/2023,03/31/2023,0.0,Percent,UNITYPOINT HEALTH - DES MOINES IOWA METHODIST MEDI,7728
6,ED,Benzodiazepine overdose,Age,55+ Years,3,03/01/2023,03/31/2023,0.0,Percent,HSHS GOOD SHEPHERD HOSPITAL INC,7729
6,ED,Stimulants overdose,Age,55+ Years,4,04/01/2023,04/30/2023,8.333333333,Percent,AIKEN REGIONAL MEDICAL CENTER,7730
6,ED,Cannabis overdose,Age,55+ Years,4,04/01/2023,04/30/2023,0.0,Percent,GLENWOOD BEHAVIORAL HEALTH HOSPITAL,7731
6,ED,Benzodiazepine overdose,Age,55+ Years,4,04/01/2023,04/30/2023,0.0,Percent,CHRISTUS OCHSNER ST PATRICK HOSPITAL,7732
6,ED,Stimulants overdose,Age,55+ Years,5,05/01/2023,05/31/2023,2.739726027,Percent,SANTA YNEZ VALLEY COTTAGE HOSPITAL,7733
6,ED,Cannabis overdose,Age,55+ Years,5,05/01/2023,05/31/2023,0.0,Percent,BHC STREAMWOOD HOSPITAL INC,7734
6,ED,Benzodiazepine overdose,Age,55+ Years,5,05/01/2023,05/31/2023,1.369863014,Percent,LA PALMA INTERCOMMUNITY HOSPITAL,7735
6,ED,Stimulants overdose,Age,55+ Years,6,06/01/2023,06/30/2023,2.941176471,Percent,BURKE MEDICAL CENTER,7736
6,ED,Cannabis overdose,Age,55+ Years,6,06/01/2023,06/30/2023,0.0,Percent,SUNRISE HOSPITAL AND MEDICAL CENTER,7737
6,ED,Benzodiazepine overdose,Age,55+ Years,6,06/01/2023,06/30/2023,1.470588235,Percent,OCHSNER MEDICAL CENTER-KENNER,7738
6,ED,Stimulants overdose,Age,55+ Years,7,07/01/2023,07/31/2023,6.172839506,Percent,BRONX PSYCHIATRIC CENTER,7739
6,ED,Cannabis overdose,Age,55+ Years,7,07/01/2023,07/31/2023,0.0,Percent,"WEST SPRINGS HOSPITAL, INC",7740
6,ED,Benzodiazepine overdose,Age,55+ Years,7,07/01/2023,07/31/2023,0.0,Percent,HEALDSBURG HOSPITAL,7741
6,ED,Stimulants overdose,Age,55+ Years,8,08/01/2023,08/31/2023,1.234567901,Percent,LOS ANGELES GENERAL MEDICAL CENTER,7742
6,ED,Cannabis overdose,Age,55+ Years,8,08/01/2023,08/31/2023,0.0,Percent,NY EYE AND EAR INFIRMARY OF MOUNT SINAI,7743
6,ED,Benzodiazepine overdose,Age,55+ Years,8,08/01/2023,08/31/2023,0.0,Percent,GLENS FALLS HOSPITAL,7744
6,ED,Stimulants overdose,Age,55+ Years,9,09/01/2023,09/30/2023,2.53164557,Percent,STORY COUNTY HOSPITAL,7745
6,ED,Cannabis overdose,Age,55+ Years,9,09/01/2023,09/30/2023,0.0,Percent,FAYETTE COUNTY HOSPITAL,7746
6,ED,Benzodiazepine overdose,Age,55+ Years,9,09/01/2023,09/30/2023,3.797468354,Percent,"RED RIVER BEHAVIORAL CENTER, LLC",7747
6,ED,Stimulants overdose,Age,55+ Years,10,10/01/2023,10/31/2023,3.846153846,Percent,PIEDMONT ATHENS REGIONAL MEDICAL CENTER,7748
6,ED,Cannabis overdose,Age,55+ Years,10,10/01/2023,10/31/2023,0.0,Percent,BANNER PAYSON MEDICAL CENTER,7749
6,ED,Benzodiazepine overdose,Age,55+ Years,10,10/01/2023,10/31/2023,1.923076923,Percent,OSCEOLA COMMUNITY HOSPITAL,7750
6,ED,Stimulants overdose,Age,55+ Years,11,11/01/2023,11/30/2023,1.785714286,Percent,BEACON BEHAVIORAL HOSPITAL - LUTCHER,7751
6,ED,Cannabis overdose,Age,55+ Years,11,11/01/2023,11/30/2023,0.0,Percent,BERWICK HOSPITAL CENTER,7752
6,ED,Benzodiazepine overdose,Age,55+ Years,11,11/01/2023,11/30/2023,0.0,Percent,AVERA ST ANTHONY'S HOSPITAL,7753
6,ED,Stimulants overdose,Age,55+ Years,12,12/01/2023,12/31/2023,8.888888889,Percent,ROOSEVELT GENERAL HOSPITAL,7754
6,ED,Cannabis overdose,Age,55+ Years,12,12/01/2023,12/31/2023,2.222222222,Percent,SOUTHEASTERN OHIO REGIONAL MEDICAL CENTER,7755
6,ED,Benzodiazepine overdose,Age,55+ Years,12,12/01/2023,12/31/2023,4.444444444,Percent,ASHLAND HEALTH CENTER,7756
6,ED,Stimulants overdose,Age,55+ Years,13,01/01/2024,01/31/2024,6.896551724,Percent,WAYNE MEMORIAL HOSPITAL,7757
6,ED,Cannabis overdose,Age,55+ Years,13,01/01/2024,01/31/2024,0.0,Percent,LAWRENCE & MEMORIAL HOSPITAL,7758
6,ED,Benzodiazepine overdose,Age,55+ Years,13,01/01/2024,01/31/2024,1.724137931,Percent,MERCY HOSPITAL LEBANON,7759
6,ED,Stimulants overdose,Age,55+ Years,14,02/01/2024,02/29/2024,2.0,Percent,HCA-HEALTHONE DBA SWEDISH MEDICAL CENTER,7760
6,ED,Cannabis overdose,Age,55+ Years,14,02/01/2024,02/29/2024,0.0,Percent,BRONSON METHODIST HOSPITAL,7761
6,ED,Benzodiazepine overdose,Age,55+ Years,14,02/01/2024,02/29/2024,0.0,Percent,SINGING RIVER HEALTH SYSTEM,7762
6,ED,Stimulants overdose,Age,55+ Years,15,03/01/2024,03/31/2024,0.0,Percent,TAUNTON STATE HOSPITAL,7763
6,ED,Cannabis overdose,Age,55+ Years,15,03/01/2024,03/31/2024,0.0,Percent,EXCEPTIONAL COMMUNITY HOSPITAL BULLHEAD CITY,7764
6,ED,Benzodiazepine overdose,Age,55+ Years,15,03/01/2024,03/31/2024,0.0,Percent,MAYO CLINIC,7765
6,ED,Stimulants overdose,Age,55+ Years,16,04/01/2024,04/30/2024,6.12244898,Percent,OCHSNER LSU HEALTH SHREVEPORT,7766
6,ED,Cannabis overdose,Age,55+ Years,16,04/01/2024,04/30/2024,2.040816327,Percent,OCHSNER ST ANNE GENERAL HOSPITAL,7767
6,ED,Benzodiazepine overdose,Age,55+ Years,16,04/01/2024,04/30/2024,4.081632653,Percent,UHHS MEMORIAL HOSPITAL OF GENEVA,7768
6,ED,Stimulants overdose,Age,55+ Years,17,05/01/2024,05/31/2024,6.382978723,Percent,GENESIS MEDICAL CENTER-DAVENPORT,7769
6,ED,Cannabis overdose,Age,55+ Years,17,05/01/2024,05/31/2024,2.127659574,Percent,SOUTHERN WINDS HOSPITAL,7770
6,ED,Benzodiazepine overdose,Age,55+ Years,17,05/01/2024,05/31/2024,4.255319149,Percent,CONWAY BEHAVIORAL HEALTH,7771
6,ED,Stimulants overdose,Age,55+ Years,18,06/01/2024,06/30/2024,2.0,Percent,SAINT CAMILLUS MEDICAL CENTER,7772
6,ED,Cannabis overdose,Age,55+ Years,18,06/01/2024,06/30/2024,0.0,Percent,KOSSUTH REGIONAL HEALTH CENTER,7773
6,ED,Benzodiazepine overdose,Age,55+ Years,18,06/01/2024,06/30/2024,6.0,Percent,WEST JERSEY HOSPITAL,7774
6,ED,Stimulants overdose,Age,55+ Years,19,07/01/2024,07/31/2024,3.174603175,Percent,PROGRESS WEST HOSPITAL,7775
6,ED,Cannabis overdose,Age,55+ Years,19,07/01/2024,07/31/2024,0.0,Percent,WILMINGTON VA MEDICAL CENTER,7776
6,ED,Benzodiazepine overdose,Age,55+ Years,19,07/01/2024,07/31/2024,1.587301587,Percent,VIRGINIA BEACH PSYCHIATRIC CENTER,7777
6,ED,Stimulants overdose,Age,55+ Years,20,08/01/2024,08/31/2024,2.040816327,Percent,METHODIST SOUTHLAKE MEDICAL CENTER,7778
6,ED,Cannabis overdose,Age,55+ Years,20,08/01/2024,08/31/2024,2.040816327,Percent,ARH OUR LADY OF THE WAY,7779
6,ED,Benzodiazepine overdose,Age,55+ Years,20,08/01/2024,08/31/2024,2.040816327,Percent,HENRY COUNTY MEMORIAL HOSPITAL,7780
6,ED,Stimulants overdose,Age,55+ Years,21,09/01/2024,09/30/2024,0.0,Percent,JOHNSTON HEALTH,7781
6,ED,Cannabis overdose,Age,55+ Years,21,09/01/2024,09/30/2024,0.0,Percent,EXCELSIOR SPRINGS HOSPITAL,7782
6,ED,Benzodiazepine overdose,Age,55+ Years,21,09/01/2024,09/30/2024,0.0,Percent,SEDAN CITY HOSPITAL,7783
6,ED,Stimulants overdose,Age,55+ Years,22,10/01/2024,10/31/2024,0.0,Percent,FREESTONE MEDICAL CENTER,7784
6,ED,Cannabis overdose,Age,55+ Years,22,10/01/2024,10/31/2024,2.43902439,Percent,BUCYRUS COMMUNITY HOSPITAL,7785
6,ED,Benzodiazepine overdose,Age,55+ Years,22,10/01/2024,10/31/2024,2.43902439,Percent,VALLEY WEST COMMUNITY HOSPITAL,7786
6,ED,Stimulants overdose,Age,55+ Years,23,11/01/2024,11/30/2024,4.87804878,Percent,NORTHERN LIGHT BLUE HILL MEMORIAL HOSPITAL,7787
6,ED,Cannabis overdose,Age,55+ Years,23,11/01/2024,11/30/2024,0.0,Percent,RESNICK NEUROPSYCHIATRIC HOSPITAL AT UCLA,7788
6,ED,Benzodiazepine overdose,Age,55+ Years,23,11/01/2024,11/30/2024,0.0,Percent,"COOLEY DICKINSON HOSPITAL INC,THE",7789
6,ED,Stimulants overdose,Age,55+ Years,24,12/01/2024,12/31/2024,2.702702703,Percent,"ANAHEIM COMMUNITY HOSPITAL, LLC",7790
6,ED,Cannabis overdose,Age,55+ Years,24,12/01/2024,12/31/2024,2.702702703,Percent,AVERA GRANITE FALLS,7791
6,ED,Benzodiazepine overdose,Age,55+ Years,24,12/01/2024,12/31/2024,0.0,Percent,WILLIAM W BACKUS HOSPITAL,7792
6,ED,Stimulants overdose,Sex,Female,1,01/01/2023,01/31/2023,3.96039604,Percent,HIAWATHA COMMUNITY HOSPITAL,7793
6,ED,Cannabis overdose,Sex,Female,1,01/01/2023,01/31/2023,0.0,Percent,LECOM HEALTH CORRY MEMORIAL HOSPITAL,7794
6,ED,Benzodiazepine overdose,Sex,Female,1,01/01/2023,01/31/2023,0.0,Percent,GREENWICH HOSPITAL ASSOCIATION -,7795
6,ED,Stimulants overdose,Sex,Female,2,02/01/2023,02/28/2023,1.204819277,Percent,UT HEALTH EAST TEXAS TYLER REGIONAL HOSPITAL,7796
6,ED,Cannabis overdose,Sex,Female,2,02/01/2023,02/28/2023,1.204819277,Percent,ESSENTIA HEALTH DULUTH,7797
6,ED,Benzodiazepine overdose,Sex,Female,2,02/01/2023,02/28/2023,3.614457831,Percent,HARBOR BEACH COMMUNITY HOSPITAL,7798
6,ED,Stimulants overdose,Sex,Female,3,03/01/2023,03/31/2023,3.773584906,Percent,MORTON PLANT HOSPITAL,7799
6,ED,Cannabis overdose,Sex,Female,3,03/01/2023,03/31/2023,0.0,Percent,BROWN COUNTY HOSPITAL,7800
6,ED,Benzodiazepine overdose,Sex,Female,3,03/01/2023,03/31/2023,0.0,Percent,"CONWAY REGIONAL MEDICAL CENTER, INC",7801
6,ED,Stimulants overdose,Sex,Female,4,04/01/2023,04/30/2023,7.407407407,Percent,BILLINGS CLINIC,7802
6,ED,Cannabis overdose,Sex,Female,4,04/01/2023,04/30/2023,1.234567901,Percent,ST MARYS HOSPITAL MEDICAL CTR,7803
6,ED,Benzodiazepine overdose,Sex,Female,4,04/01/2023,04/30/2023,1.234567901,Percent,HOSPITAL PEREA,7804
6,ED,Stimulants overdose,Sex,Female,5,05/01/2023,05/31/2023,6.315789474,Percent,TEXAS HEALTH HARRIS METHODIST HOSPITAL CLEBURNE,7805
6,ED,Cannabis overdose,Sex,Female,5,05/01/2023,05/31/2023,1.052631579,Percent,MIDDLE TN MENTAL HEALTH INSTITUTE,7806
6,ED,Benzodiazepine overdose,Sex,Female,5,05/01/2023,05/31/2023,2.105263158,Percent,ASCENSION ST VINCENT FISHERS,7807
6,ED,Stimulants overdose,Sex,Female,6,06/01/2023,06/30/2023,3.539823009,Percent,MEDICAL CITY DALLAS HOSPITAL,7808
6,ED,Cannabis overdose,Sex,Female,6,06/01/2023,06/30/2023,0.884955752,Percent,ARCHBOLD BROOKS,7809
6,ED,Benzodiazepine overdose,Sex,Female,6,06/01/2023,06/30/2023,2.654867257,Percent,OLMSTED MEDICAL CENTER,7810
6,ED,Stimulants overdose,Sex,Female,7,07/01/2023,07/31/2023,4.504504505,Percent,MARIAN REGIONAL MEDICAL CENTER,7811
6,ED,Cannabis overdose,Sex,Female,7,07/01/2023,07/31/2023,0.900900901,Percent,VA MARYLAND HEALTHCARE SYSTEM - PERRY POINT,7812
6,ED,Benzodiazepine overdose,Sex,Female,7,07/01/2023,07/31/2023,2.702702703,Percent,ORLANDO HEALTH-HEALTH CENTRAL HOSPITAL,7813
6,ED,Stimulants overdose,Sex,Female,8,08/01/2023,08/31/2023,3.921568627,Percent,GREAT FALLS CLINIC HOSPITAL,7814
6,ED,Cannabis overdose,Sex,Female,8,08/01/2023,08/31/2023,2.941176471,Percent,BANNER LASSEN MEDICAL CENTER,7815
6,ED,Benzodiazepine overdose,Sex,Female,8,08/01/2023,08/31/2023,2.941176471,Percent,BAPTIST HEALTH HARDIN,7816
6,ED,Stimulants overdose,Sex,Female,9,09/01/2023,09/30/2023,6.593406593,Percent,ARKANSAS VALLEY REGIONAL MEDICAL CENTER,7817
6,ED,Cannabis overdose,Sex,Female,9,09/01/2023,09/30/2023,2.197802198,Percent,ALBERT EINSTEIN MEDICAL CENTER,7818
6,ED,Benzodiazepine overdose,Sex,Female,9,09/01/2023,09/30/2023,2.197802198,Percent,SOUTH TEXAS HEALTH SYSTEM,7819
6,ED,Stimulants overdose,Sex,Female,10,10/01/2023,10/31/2023,7.865168539,Percent,NMC San Diego,7820
6,ED,Cannabis overdose,Sex,Female,10,10/01/2023,10/31/2023,0.0,Percent,WASHINGTON COUNTY REGIONAL MEDICAL CENTER,7821
6,ED,Benzodiazepine overdose,Sex,Female,10,10/01/2023,10/31/2023,2.247191011,Percent,HURLEY MEDICAL CENTER,7822
6,ED,Stimulants overdose,Sex,Female,11,11/01/2023,11/30/2023,6.153846154,Percent,WENTWORTH-DOUGLASS HOSPITAL,7823
6,ED,Cannabis overdose,Sex,Female,11,11/01/2023,11/30/2023,0.0,Percent,FRANKLIN GENERAL HOSPITAL,7824
6,ED,Benzodiazepine overdose,Sex,Female,11,11/01/2023,11/30/2023,0.0,Percent,BAPTIST HEALTH DEACONESS MADISONVILLE,7825
6,ED,Stimulants overdose,Sex,Female,12,12/01/2023,12/31/2023,3.846153846,Percent,HAVEN BEHAVIORAL HOSPITAL OF PHOENIX,7826
6,ED,Cannabis overdose,Sex,Female,12,12/01/2023,12/31/2023,1.282051282,Percent,CALIFORNIA PACIFIC MEDICAL CTR-DAVIES CAMPUS HOSP,7827
6,ED,Benzodiazepine overdose,Sex,Female,12,12/01/2023,12/31/2023,5.128205128,Percent,SAN CARLOS APACHE HEALTHCARE CORPORATION,7828
6,ED,Stimulants overdose,Sex,Female,13,01/01/2024,01/31/2024,6.666666667,Percent,UCHICAGO MEDICINE ADVENTHEALTH GLENOAKS,7829
6,ED,Cannabis overdose,Sex,Female,13,01/01/2024,01/31/2024,4.0,Percent,"ASPIRUS MEDFORD HOSPITAL & CLINICS, INC",7830
6,ED,Benzodiazepine overdose,Sex,Female,13,01/01/2024,01/31/2024,2.666666667,Percent,LITTLETON REGIONAL HEALTHCARE,7831
6,ED,Stimulants overdose,Sex,Female,14,02/01/2024,02/29/2024,3.174603175,Percent,BROWN COUNTY HOSPITAL,7832
6,ED,Cannabis overdose,Sex,Female,14,02/01/2024,02/29/2024,0.0,Percent,COPPER SPRINGS EAST- GILBERT,7833
6,ED,Benzodiazepine overdose,Sex,Female,14,02/01/2024,02/29/2024,1.587301587,Percent,EPHRAIM MCDOWELL FORT LOGAN HOSPITAL,7834
6,ED,Stimulants overdose,Sex,Female,15,03/01/2024,03/31/2024,7.954545455,Percent,ANDERSON COUNTY HOSPITAL,7835
6,ED,Cannabis overdose,Sex,Female,15,03/01/2024,03/31/2024,3.409090909,Percent,CHI HEALTH MISSOURI VALLEY,7836
6,ED,Benzodiazepine overdose,Sex,Female,15,03/01/2024,03/31/2024,1.136363636,Percent,SYRINGA GENERAL HOSPITAL,7837
6,ED,Stimulants overdose,Sex,Female,16,04/01/2024,04/30/2024,10.14492754,Percent,JENNIE STUART MEDICAL CENTER,7838
6,ED,Cannabis overdose,Sex,Female,16,04/01/2024,04/30/2024,1.449275362,Percent,GRIFFIN MEMORIAL HOSPITAL,7839
6,ED,Benzodiazepine overdose,Sex,Female,16,04/01/2024,04/30/2024,2.898550725,Percent,BAPTIST HEALTH MEDICAL CENTER HEBER SPRINGS,7840
6,ED,Stimulants overdose,Sex,Female,17,05/01/2024,05/31/2024,3.333333333,Percent,SOUTHERN CALIFORNIA HOSPITAL AT HOLLYWOOD,7841
6,ED,Cannabis overdose,Sex,Female,17,05/01/2024,05/31/2024,3.333333333,Percent,OCEANS BEHAVIORAL HOSPITAL OF AMARILLO,7842
6,ED,Benzodiazepine overdose,Sex,Female,17,05/01/2024,05/31/2024,1.666666667,Percent,MARTHA'S VINEYARD HOSPITAL INC,7843
6,ED,Stimulants overdose,Sex,Female,18,06/01/2024,06/30/2024,6.578947368,Percent,COMMUNITY HOSPITAL OF THE MONTEREY PENINSULA,7844
6,ED,Cannabis overdose,Sex,Female,18,06/01/2024,06/30/2024,3.947368421,Percent,IROQUOIS MEMORIAL HOSPITAL,7845
6,ED,Benzodiazepine overdose,Sex,Female,18,06/01/2024,06/30/2024,7.894736842,Percent,SAINT THOMAS RIVER PARK HOSPITAL,7846
6,ED,Stimulants overdose,Sex,Female,19,07/01/2024,07/31/2024,5.797101449,Percent,HARDEMAN COUNTY MEMORIAL HOSPITAL,7847
6,ED,Cannabis overdose,Sex,Female,19,07/01/2024,07/31/2024,0.0,Percent,SAINT LUKE'S SOUTH HOSPITAL,7848
6,ED,Benzodiazepine overdose,Sex,Female,19,07/01/2024,07/31/2024,4.347826087,Percent,SOUTHEAST LOUISIANA VETERANS HEALTH CARE SYSTEM,7849
6,ED,Stimulants overdose,Sex,Female,20,08/01/2024,08/31/2024,1.470588235,Percent,MELROSEWAKEFIELD HEALTHCARE,7850
6,ED,Cannabis overdose,Sex,Female,20,08/01/2024,08/31/2024,1.470588235,Percent,OUACHITA COUNTY MEDICAL CENTER,7851
6,ED,Benzodiazepine overdose,Sex,Female,20,08/01/2024,08/31/2024,5.882352941,Percent,TEXAS COUNTY MEMORIAL HOSPITAL,7852
6,ED,Stimulants overdose,Sex,Female,21,09/01/2024,09/30/2024,3.03030303,Percent,ST VINCENT HEALTHCARE,7853
6,ED,Cannabis overdose,Sex,Female,21,09/01/2024,09/30/2024,1.515151515,Percent,MCLAREN PORT HURON,7854
6,ED,Benzodiazepine overdose,Sex,Female,21,09/01/2024,09/30/2024,0.0,Percent,WINDHAM COMMUNITY MEMORIAL HOSPITAL,7855
6,ED,Stimulants overdose,Sex,Female,22,10/01/2024,10/31/2024,5.660377358,Percent,"NEUROPSYCHIATRIC HOSPITAL OF INDIANAPOLIS, LLC",7856
6,ED,Cannabis overdose,Sex,Female,22,10/01/2024,10/31/2024,1.886792453,Percent,ORCHARD HOSPITAL,7857
6,ED,Benzodiazepine overdose,Sex,Female,22,10/01/2024,10/31/2024,3.773584906,Percent,OCEANS BEHAVIORAL HOSPITAL OF BATON ROUGE,7858
6,ED,Stimulants overdose,Sex,Female,23,11/01/2024,11/30/2024,1.724137931,Percent,CONCORD HOSPITAL- LACONIA,7859
6,ED,Cannabis overdose,Sex,Female,23,11/01/2024,11/30/2024,1.724137931,Percent,MESA SPRINGS,7860
6,ED,Benzodiazepine overdose,Sex,Female,23,11/01/2024,11/30/2024,3.448275862,Percent,ATRIUM HEALTH NAVICENT THE MEDICAL CENTER,7861
6,ED,Stimulants overdose,Sex,Female,24,12/01/2024,12/31/2024,1.754385965,Percent,ANAHEIM GLOBAL MEDICAL CENTER,7862
6,ED,Cannabis overdose,Sex,Female,24,12/01/2024,12/31/2024,1.754385965,Percent,SUNY/STONY BROOK UNIVERSITY HOSPITAL,7863
6,ED,Benzodiazepine overdose,Sex,Female,24,12/01/2024,12/31/2024,1.754385965,Percent,HILLSDALE HOSPITAL,7864
6,ED,Stimulants overdose,Sex,Male,1,01/01/2023,01/31/2023,3.755868545,Percent,HCA FLORIDA PUTNAM HOSPITAL,7865
6,ED,Cannabis overdose,Sex,Male,1,01/01/2023,01/31/2023,1.408450704,Percent,CHI ST LUKES LAKESIDE HOSPITAL,7866
6,ED,Benzodiazepine overdose,Sex,Male,1,01/01/2023,01/31/2023,1.408450704,Percent,WATERTOWN MEMORIAL HOSPITAL,7867
6,ED,Stimulants overdose,Sex,Male,2,02/01/2023,02/28/2023,4.205607477,Percent,GUTHRIE COUNTY HOSPITAL,7868
6,ED,Cannabis overdose,Sex,Male,2,02/01/2023,02/28/2023,0.0,Percent,LANCASTER BEHAVIORAL HEALTH HOSPITAL,7869
6,ED,Benzodiazepine overdose,Sex,Male,2,02/01/2023,02/28/2023,0.934579439,Percent,HOAG ORTHOPEDIC INSTITUTE,7870
6,ED,Stimulants overdose,Sex,Male,3,03/01/2023,03/31/2023,4.608294931,Percent,CONTRA COSTA REGIONAL MEDICAL CENTER,7871
6,ED,Cannabis overdose,Sex,Male,3,03/01/2023,03/31/2023,0.921658986,Percent,HAXTUN HOSPITAL DISTRICT,7872
6,ED,Benzodiazepine overdose,Sex,Male,3,03/01/2023,03/31/2023,3.225806452,Percent,COPLEY MEMORIAL HOSPITAL,7873
6,ED,Stimulants overdose,Sex,Male,4,04/01/2023,04/30/2023,5.627705628,Percent,DR JOHN C CORRIGAN MENTAL HEALTH CENTER,7874
6,ED,Cannabis overdose,Sex,Male,4,04/01/2023,04/30/2023,1.298701299,Percent,SAINT JOSEPH HOSPITAL,7875
6,ED,Benzodiazepine overdose,Sex,Male,4,04/01/2023,04/30/2023,0.865800866,Percent,GARRISON MEMORIAL HOSPITAL,7876
6,ED,Stimulants overdose,Sex,Male,5,05/01/2023,05/31/2023,4.166666667,Percent,OCHSNER MEDICAL CENTER ACUTE,7877
6,ED,Cannabis overdose,Sex,Male,5,05/01/2023,05/31/2023,1.136363636,Percent,HANCOCK COUNTY HOSPITAL,7878
6,ED,Benzodiazepine overdose,Sex,Male,5,05/01/2023,05/31/2023,1.515151515,Percent,AVERA ST ANTHONY'S HOSPITAL,7879
6,ED,Stimulants overdose,Sex,Male,6,06/01/2023,06/30/2023,3.982300885,Percent,METHODIST HOSPITALS INC,7880
6,ED,Cannabis overdose,Sex,Male,6,06/01/2023,06/30/2023,0.0,Percent,INSPIRA MEDICAL CENTER MULLICA HILL,7881
6,ED,Benzodiazepine overdose,Sex,Male,6,06/01/2023,06/30/2023,1.327433628,Percent,AUSTIN OAKS HOSPITAL,7882
6,ED,Stimulants overdose,Sex,Male,7,07/01/2023,07/31/2023,6.639004149,Percent,BANNER CHURCHILL COMMUNITY HOSPITAL,7883
6,ED,Cannabis overdose,Sex,Male,7,07/01/2023,07/31/2023,0.829875519,Percent,ST ANTHONYS MEMORIAL HOSPITAL,7884
6,ED,Benzodiazepine overdose,Sex,Male,7,07/01/2023,07/31/2023,0.829875519,Percent,BAPTIST MEMORIAL HOSPITAL UNION COUNTY,7885
6,ED,Stimulants overdose,Sex,Male,8,08/01/2023,08/31/2023,3.083700441,Percent,MAYAGUEZ MEDICAL CENTER DR RAMON EMETERIO BETANCES,7886
6,ED,Cannabis overdose,Sex,Male,8,08/01/2023,08/31/2023,0.0,Percent,LAC/HARBOR-UCLA MED CENTER,7887
6,ED,Benzodiazepine overdose,Sex,Male,8,08/01/2023,08/31/2023,0.0,Percent,CALAIS COMMUNITY HOSPITAL,7888
6,ED,Stimulants overdose,Sex,Male,9,09/01/2023,09/30/2023,4.347826087,Percent,CLAY COUNTY MEDICAL CENTER,7889
6,ED,Cannabis overdose,Sex,Male,9,09/01/2023,09/30/2023,0.966183575,Percent,MORRISTOWN MEDICAL CENTER,7890
6,ED,Benzodiazepine overdose,Sex,Male,9,09/01/2023,09/30/2023,1.93236715,Percent,COLUMBUS REGIONAL HOSPITAL,7891
6,ED,Stimulants overdose,Sex,Male,10,10/01/2023,10/31/2023,4.739336493,Percent,CAREPOINT HEALTH-CHRIST HOSPITAL,7892
6,ED,Cannabis overdose,Sex,Male,10,10/01/2023,10/31/2023,0.473933649,Percent,CUERO REGIONAL HOSPITAL,7893
6,ED,Benzodiazepine overdose,Sex,Male,10,10/01/2023,10/31/2023,2.369668246,Percent,HARRIS REGIONAL HOSPITAL,7894
6,ED,Stimulants overdose,Sex,Male,11,11/01/2023,11/30/2023,2.976190476,Percent,"PRAIRIE LAKES HEALTHCARE SYSTEM, INC",7895
6,ED,Cannabis overdose,Sex,Male,11,11/01/2023,11/30/2023,1.19047619,Percent,WITHAM HEALTH SERVICES,7896
6,ED,Benzodiazepine overdose,Sex,Male,11,11/01/2023,11/30/2023,2.380952381,Percent,"COMMUNITY HOSPITAL SOUTH, INC.",7897
6,ED,Stimulants overdose,Sex,Male,12,12/01/2023,12/31/2023,6.25,Percent,SPARTA COMMUNITY HOSPITAL,7898
6,ED,Cannabis overdose,Sex,Male,12,12/01/2023,12/31/2023,0.0,Percent,MERCY SPECIALTY HOSPITAL SOUTHEAST KANSAS,7899
6,ED,Benzodiazepine overdose,Sex,Male,12,12/01/2023,12/31/2023,1.388888889,Percent,"ROCKCASTLE COUNTY HOSPITAL, INC.",7900
6,ED,Stimulants overdose,Sex,Male,13,01/01/2024,01/31/2024,3.623188406,Percent,SYRACUSE VA MEDICAL CENTER,7901
6,ED,Cannabis overdose,Sex,Male,13,01/01/2024,01/31/2024,0.0,Percent,PAINTSVILLE ARH HOSPITAL,7902
6,ED,Benzodiazepine overdose,Sex,Male,13,01/01/2024,01/31/2024,0.0,Percent,CHESHIRE MEDICAL CENTER,7903
6,ED,Stimulants overdose,Sex,Male,14,02/01/2024,02/29/2024,3.355704698,Percent,TWELVE CLANS UNITY HOSPITAL,7904
6,ED,Cannabis overdose,Sex,Male,14,02/01/2024,02/29/2024,0.67114094,Percent,KETTERING HEALTH TROY,7905
6,ED,Benzodiazepine overdose,Sex,Male,14,02/01/2024,02/29/2024,2.013422819,Percent,POINTE COUPEE GENERAL HOSPITAL,7906
6,ED,Stimulants overdose,Sex,Male,15,03/01/2024,03/31/2024,3.488372093,Percent,COMMUNITY HOSPITAL OF ANACONDA,7907
6,ED,Cannabis overdose,Sex,Male,15,03/01/2024,03/31/2024,0.0,Percent,MEDICAL COLLEGE OF VIRGINIA HOSPITALS,7908
6,ED,Benzodiazepine overdose,Sex,Male,15,03/01/2024,03/31/2024,0.581395349,Percent,MERCYONE CLINTON MEDICAL CENTER,7909
6,ED,Stimulants overdose,Sex,Male,16,04/01/2024,04/30/2024,4.761904762,Percent,ATHENS LIMESTONE HOSPITAL,7910
6,ED,Cannabis overdose,Sex,Male,16,04/01/2024,04/30/2024,0.680272109,Percent,CENTURA HEALTH-AVISTA ADVENTIST HOSPITAL,7911
6,ED,Benzodiazepine overdose,Sex,Male,16,04/01/2024,04/30/2024,4.081632653,Percent,GOVE COUNTY MEDICAL CENTER,7912
6,ED,Stimulants overdose,Sex,Male,17,05/01/2024,05/31/2024,5.0,Percent,CORDOVA COMMUNITY MEDICAL CENTER,7913
6,ED,Cannabis overdose,Sex,Male,17,05/01/2024,05/31/2024,1.428571429,Percent,METROHEALTH SYSTEM,7914
6,ED,Benzodiazepine overdose,Sex,Male,17,05/01/2024,05/31/2024,2.142857143,Percent,GLENDALE MEM HOSPITAL & HLTH CENTER,7915
6,ED,Stimulants overdose,Sex,Male,18,06/01/2024,06/30/2024,7.142857143,Percent,BRODSTONE HEALTHCARE,7916
6,ED,Cannabis overdose,Sex,Male,18,06/01/2024,06/30/2024,0.0,Percent,UNION HOSPITAL,7917
6,ED,Benzodiazepine overdose,Sex,Male,18,06/01/2024,06/30/2024,0.0,Percent,OAK VALLEY HOSPITAL DISTRICT,7918
6,ED,Stimulants overdose,Sex,Male,19,07/01/2024,07/31/2024,5.454545455,Percent,MERCYONE PRIMGHAR MEDICAL CENTER,7919
6,ED,Cannabis overdose,Sex,Male,19,07/01/2024,07/31/2024,1.212121212,Percent,COLLEGE HOSPITAL COSTA MESA,7920
6,ED,Benzodiazepine overdose,Sex,Male,19,07/01/2024,07/31/2024,2.424242424,Percent,MOSAIC LIFE CARE AT ST JOSEPH,7921
6,ED,Stimulants overdose,Sex,Male,20,08/01/2024,08/31/2024,5.063291139,Percent,BAPTIST MEDICAL CENTER EAST,7922
6,ED,Cannabis overdose,Sex,Male,20,08/01/2024,08/31/2024,1.898734177,Percent,WINTER HAVEN HOSPITAL,7923
6,ED,Benzodiazepine overdose,Sex,Male,20,08/01/2024,08/31/2024,1.898734177,Percent,HILLSBORO COMMUNITY HOSPITAL,7924
6,ED,Stimulants overdose,Sex,Male,21,09/01/2024,09/30/2024,3.25203252,Percent,AURORA PSYCHIATRIC HOSPITAL,7925
6,ED,Cannabis overdose,Sex,Male,21,09/01/2024,09/30/2024,1.62601626,Percent,WEST HAVEN VA MEDICAL CENTER,7926
6,ED,Benzodiazepine overdose,Sex,Male,21,09/01/2024,09/30/2024,0.81300813,Percent,TYLER HOLMES MEMORIAL HOSPITAL CAH,7927
6,ED,Stimulants overdose,Sex,Male,22,10/01/2024,10/31/2024,3.90625,Percent,MEEKER MEMORIAL HOSPITAL,7928
6,ED,Cannabis overdose,Sex,Male,22,10/01/2024,10/31/2024,3.90625,Percent,PLAINS MEMORIAL HOSPITAL,7929
6,ED,Benzodiazepine overdose,Sex,Male,22,10/01/2024,10/31/2024,1.5625,Percent,OCEANS BEHAVIORAL HOSPITAL OF GREATER NEW ORLEANS,7930
6,ED,Stimulants overdose,Sex,Male,23,11/01/2024,11/30/2024,9.322033898,Percent,ATHUR M BLANK HOSPITAL,7931
6,ED,Cannabis overdose,Sex,Male,23,11/01/2024,11/30/2024,0.847457627,Percent,"FRANCISCAN HEALTH RENSSELAER, INC",7932
6,ED,Benzodiazepine overdose,Sex,Male,23,11/01/2024,11/30/2024,1.694915254,Percent,UCSF MEDICAL CENTER,7933
6,ED,Stimulants overdose,Sex,Male,24,12/01/2024,12/31/2024,5.426356589,Percent,STEVENS COMMUNITY MEDICAL CENTER,7934
6,ED,Cannabis overdose,Sex,Male,24,12/01/2024,12/31/2024,2.325581395,Percent,ADVENTHEALTH ORLANDO,7935
6,ED,Benzodiazepine overdose,Sex,Male,24,12/01/2024,12/31/2024,1.550387597,Percent,DUKE UNIVERSITY HOSPITAL,7936
6,ED,Stimulants overdose,Total,Total,1,01/01/2023,01/31/2023,3.821656051,Percent,LAWRENCE MEDICAL CENTER,7937
6,ED,Cannabis overdose,Total,Total,1,01/01/2023,01/31/2023,0.955414013,Percent,UNIVERSITY OF MD SHORE MEDICAL CENTER AT EASTON,7938
6,ED,Benzodiazepine overdose,Total,Total,1,01/01/2023,01/31/2023,0.955414013,Percent,ASCENSION ST FRANCIS HOSPITAL,7939
6,ED,Stimulants overdose,Total,Total,2,02/01/2023,02/28/2023,3.367003367,Percent,LAC/HARBOR-UCLA MED CENTER,7940
6,ED,Cannabis overdose,Total,Total,2,02/01/2023,02/28/2023,0.336700337,Percent,THE UNIVERSITY HOSPITAL,7941
6,ED,Benzodiazepine overdose,Total,Total,2,02/01/2023,02/28/2023,1.683501684,Percent,MYRTUE MEDICAL CENTER,7942
6,ED,Stimulants overdose,Total,Total,3,03/01/2023,03/31/2023,4.334365325,Percent,SUNCOAST BEHAVIORAL HEALTH CENTER,7943
6,ED,Cannabis overdose,Total,Total,3,03/01/2023,03/31/2023,0.619195046,Percent,INDIANA UNIVERSITY HEALTH TIPTON HOSPITAL INC,7944
6,ED,Benzodiazepine overdose,Total,Total,3,03/01/2023,03/31/2023,2.167182663,Percent,OCEANS BEHAVIORAL HOSPITAL OF OPELOUSAS,7945
6,ED,Stimulants overdose,Total,Total,4,04/01/2023,04/30/2023,6.08974359,Percent,UCI HEALTH - LOS ALAMITOS,7946
6,ED,Cannabis overdose,Total,Total,4,04/01/2023,04/30/2023,1.282051282,Percent,SIOUX CENTER HEALTH,7947
6,ED,Benzodiazepine overdose,Total,Total,4,04/01/2023,04/30/2023,0.961538462,Percent,MORRISON COMMUNITY HOSPITAL,7948
6,ED,Stimulants overdose,Total,Total,5,05/01/2023,05/31/2023,4.735376045,Percent,BANNER PAYSON MEDICAL CENTER,7949
6,ED,Cannabis overdose,Total,Total,5,05/01/2023,05/31/2023,1.114206128,Percent,BAPTIST MEMORIAL HOSPITAL - CARROLL COUNTY,7950
6,ED,Benzodiazepine overdose,Total,Total,5,05/01/2023,05/31/2023,1.671309192,Percent,BAYSTATE FRANKLIN MEDICAL CENTER,7951
6,ED,Stimulants overdose,Total,Total,6,06/01/2023,06/30/2023,3.83480826,Percent,HACKENSACK UNIVERSITY MEDICAL CENTER,7952
6,ED,Cannabis overdose,Total,Total,6,06/01/2023,06/30/2023,0.294985251,Percent,FROEDTERT MEMORIAL LUTHERAN HOSPITAL,7953
6,ED,Benzodiazepine overdose,Total,Total,6,06/01/2023,06/30/2023,1.769911504,Percent,VAN DIEST MEDICAL CENTER,7954
6,ED,Stimulants overdose,Total,Total,7,07/01/2023,07/31/2023,5.965909091,Percent,PIEDMONT MOUNTAINSIDE HOSPITAL INC,7955
6,ED,Cannabis overdose,Total,Total,7,07/01/2023,07/31/2023,0.852272727,Percent,"COLUMBUS COMMUNITY HOSPITAL, INC",7956
6,ED,Benzodiazepine overdose,Total,Total,7,07/01/2023,07/31/2023,1.420454545,Percent,MID COAST MEDICAL CENTER - CENTRAL,7957
6,ED,Stimulants overdose,Total,Total,8,08/01/2023,08/31/2023,3.343465046,Percent,RIVER FALLS AREA HOSPITAL,7958
6,ED,Cannabis overdose,Total,Total,8,08/01/2023,08/31/2023,0.911854103,Percent,THE CORE INSTITUTE SPECIALTY HOSP,7959
6,ED,Benzodiazepine overdose,Total,Total,8,08/01/2023,08/31/2023,0.911854103,Percent,LEWISGALE HOSPITAL ALLEGHANY,7960
6,ED,Stimulants overdose,Total,Total,9,09/01/2023,09/30/2023,5.033557047,Percent,EVERGREENHEALTH MEDICAL CENTER,7961
6,ED,Cannabis overdose,Total,Total,9,09/01/2023,09/30/2023,1.342281879,Percent,HCA FLORIDA PALMS WEST HOSPITAL,7962
6,ED,Benzodiazepine overdose,Total,Total,9,09/01/2023,09/30/2023,2.013422819,Percent,EAST CARROLL PARISH HOSPITAL,7963
6,ED,Stimulants overdose,Total,Total,10,10/01/2023,10/31/2023,5.666666667,Percent,MONTROSE BEHAVIORAL HEALTH HOSPITAL,7964
6,ED,Cannabis overdose,Total,Total,10,10/01/2023,10/31/2023,0.333333333,Percent,DELTA MEMORIAL HOSPITAL,7965
6,ED,Benzodiazepine overdose,Total,Total,10,10/01/2023,10/31/2023,2.333333333,Percent,UNIVERSITY OF CALIFORNIA DAVIS MEDICAL CENTER,7966
6,ED,Stimulants overdose,Total,Total,11,11/01/2023,11/30/2023,3.862660944,Percent,THE GENERAL,7967
6,ED,Cannabis overdose,Total,Total,11,11/01/2023,11/30/2023,0.858369099,Percent,FOUR WINDS OF SARATOGA,7968
6,ED,Benzodiazepine overdose,Total,Total,11,11/01/2023,11/30/2023,1.716738197,Percent,LUMINIS HEALTH J KENT MCNEW FAMILY MEDICAL CENTER,7969
6,ED,Stimulants overdose,Total,Total,12,12/01/2023,12/31/2023,5.405405405,Percent,MORROW COUNTY HOSPITAL,7970
6,ED,Cannabis overdose,Total,Total,12,12/01/2023,12/31/2023,0.45045045,Percent,ST LUKE'S PATIENTS MEDICAL CENTER,7971
6,ED,Benzodiazepine overdose,Total,Total,12,12/01/2023,12/31/2023,2.702702703,Percent,ST VINCENT'S BIRMINGHAM,7972
6,ED,Stimulants overdose,Total,Total,13,01/01/2024,01/31/2024,4.694835681,Percent,FRANCISCAN HEALTH DYER,7973
6,ED,Cannabis overdose,Total,Total,13,01/01/2024,01/31/2024,1.408450704,Percent,ST LUKE'S JEROME,7974
6,ED,Benzodiazepine overdose,Total,Total,13,01/01/2024,01/31/2024,0.938967136,Percent,SUTTER TRACY COMMUNITY HOSPITAL,7975
6,ED,Stimulants overdose,Total,Total,14,02/01/2024,02/29/2024,3.301886792,Percent,SAMARITAN BEHAVIORAL CENTER,7976
6,ED,Cannabis overdose,Total,Total,14,02/01/2024,02/29/2024,0.471698113,Percent,HOOD MEMORIAL HOSPITAL,7977
6,ED,Benzodiazepine overdose,Total,Total,14,02/01/2024,02/29/2024,1.886792453,Percent,MARION GENERAL HOSPITAL,7978
6,ED,Stimulants overdose,Total,Total,15,03/01/2024,03/31/2024,5.0,Percent,"ANAHEIM COMMUNITY HOSPITAL, LLC",7979
6,ED,Cannabis overdose,Total,Total,15,03/01/2024,03/31/2024,1.153846154,Percent,ROYAL OAKS HOSPITAL,7980
6,ED,Benzodiazepine overdose,Total,Total,15,03/01/2024,03/31/2024,0.769230769,Percent,MANNING REGIONAL HEALTHCARE CENTER,7981
6,ED,Stimulants overdose,Total,Total,16,04/01/2024,04/30/2024,6.481481481,Percent,LEO N LEVI MEMORIAL HOSPITAL,7982
6,ED,Cannabis overdose,Total,Total,16,04/01/2024,04/30/2024,0.925925926,Percent,AVERA DELLS AREA HOSPITAL  - CAH,7983
6,ED,Benzodiazepine overdose,Total,Total,16,04/01/2024,04/30/2024,3.703703704,Percent,OZARK HEALTH,7984
6,ED,Stimulants overdose,Total,Total,17,05/01/2024,05/31/2024,4.5,Percent,NEXUS CHILDRENS HOSPITAL DALLAS,7985
6,ED,Cannabis overdose,Total,Total,17,05/01/2024,05/31/2024,2.0,Percent,HALE HO'OLA HAMAKUA,7986
6,ED,Benzodiazepine overdose,Total,Total,17,05/01/2024,05/31/2024,2.0,Percent,JUPITER MEDICAL CENTER,7987
6,ED,Stimulants overdose,Total,Total,18,06/01/2024,06/30/2024,6.956521739,Percent,SOUTHWEST MEMORIAL HOSPITAL,7988
6,ED,Cannabis overdose,Total,Total,18,06/01/2024,06/30/2024,1.304347826,Percent,LARKIN COMMUNITY HOSPITAL,7989
6,ED,Benzodiazepine overdose,Total,Total,18,06/01/2024,06/30/2024,2.608695652,Percent,"OKLAHOMA SURGICAL HOSPITAL, LLC",7990
6,ED,Stimulants overdose,Total,Total,19,07/01/2024,07/31/2024,5.555555556,Percent,WILKES-BARRE GENERAL HOSPITAL,7991
6,ED,Cannabis overdose,Total,Total,19,07/01/2024,07/31/2024,0.854700855,Percent,ASCENSION MACOMB OAKLAND HOSP-WARREN CAMPUS,7992
6,ED,Benzodiazepine overdose,Total,Total,19,07/01/2024,07/31/2024,2.991452991,Percent,UT OF TEXAS  SOUTHWESTERN UNIVERSITY HOSPITAL - WILLIAM P. CLEMENTS JR.,7993
6,ED,Stimulants overdose,Total,Total,20,08/01/2024,08/31/2024,3.982300885,Percent,GLENDALE ADVENTIST MEDICAL CENTER,7994
6,ED,Cannabis overdose,Total,Total,20,08/01/2024,08/31/2024,1.769911504,Percent,HCA FLORIDA TWIN CITIES HOSPITAL,7995
6,ED,Benzodiazepine overdose,Total,Total,20,08/01/2024,08/31/2024,3.097345133,Percent,INTEGRIS GROVE HOSPITAL,7996
6,ED,Stimulants overdose,Total,Total,21,09/01/2024,09/30/2024,3.174603175,Percent,LOYOLA UNIVERSITY MEDICAL CENTER,7997
6,ED,Cannabis overdose,Total,Total,21,09/01/2024,09/30/2024,1.587301587,Percent,UOFL HEALTH - JEWISH HOSPITAL and Mary & Elizabeth Hospital,7998
6,ED,Benzodiazepine overdose,Total,Total,21,09/01/2024,09/30/2024,0.529100529,Percent,SAINT MARY'S REGIONAL MEDICAL CENTER,7999
6,ED,Stimulants overdose,Total,Total,22,10/01/2024,10/31/2024,4.419889503,Percent,MULTICARE COVINGTON MEDICAL CENTER,8000
6,ED,Cannabis overdose,Total,Total,22,10/01/2024,10/31/2024,3.314917127,Percent,CHI ST LUKES HEALTH MEMORIAL LUFKIN,8001
6,ED,Benzodiazepine overdose,Total,Total,22,10/01/2024,10/31/2024,2.209944751,Percent,TIMPANOGOS REGIONAL HOSPITAL,8002
6,ED,Stimulants overdose,Total,Total,23,11/01/2024,11/30/2024,6.818181818,Percent,LAFAYETTE REGIONAL HEALTH CENTER,8003
6,ED,Cannabis overdose,Total,Total,23,11/01/2024,11/30/2024,1.136363636,Percent,ORLANDO HEALTH BAYFRONT HOSPITAL,8004
6,ED,Benzodiazepine overdose,Total,Total,23,11/01/2024,11/30/2024,2.272727273,Percent,DOYLESTOWN HOSPITAL,8005
6,ED,Stimulants overdose,Total,Total,24,12/01/2024,12/31/2024,4.301075269,Percent,"UNIVERSITY OF CINCINNATI MEDICAL CENTER, LLC",8006
6,ED,Cannabis overdose,Total,Total,24,12/01/2024,12/31/2024,2.150537634,Percent,JOHNSON CITY MEDICAL CENTER,8007
6,ED,Benzodiazepine overdose,Total,Total,24,12/01/2024,12/31/2024,1.612903226,Percent,UCHEALTH HIGHLANDS RANCH HOSPITAL,8008
6,IP,Stimulants overdose,Age,16-34 Years,3,03/01/2023,03/31/2023,10.52631579,Percent,HOLLYWOOD PRESBYTERIAN MEDICAL CENTER,8009
6,IP,Cannabis overdose,Age,16-34 Years,3,03/01/2023,03/31/2023,0.0,Percent,NORTH CAROLINA SPECIALTY HOSPITAL,8010
6,IP,Benzodiazepine overdose,Age,16-34 Years,3,03/01/2023,03/31/2023,0.0,Percent,KIOWA COUNTY MEMORIAL HOSPITAL,8011
6,IP,Stimulants overdose,Age,16-34 Years,4,04/01/2023,04/30/2023,12.90322581,Percent,BAYCARE HOSPITAL WESLEY CHAPEL,8012
6,IP,Cannabis overdose,Age,16-34 Years,4,04/01/2023,04/30/2023,3.225806452,Percent,BELOIT HEALTH SYSTEM,8013
6,IP,Benzodiazepine overdose,Age,16-34 Years,4,04/01/2023,04/30/2023,6.451612903,Percent,NORTHWEST HILLS SURGICAL HOSPITAL,8014
6,IP,Stimulants overdose,Age,16-34 Years,5,05/01/2023,05/31/2023,28.57142857,Percent,CARSON VALLEY HEALTH,8015
6,IP,Cannabis overdose,Age,16-34 Years,5,05/01/2023,05/31/2023,9.523809524,Percent,THE ORTHOPAEDIC HOSPITAL OF LUTHERAN HEALTH NETWOR,8016
6,IP,Benzodiazepine overdose,Age,16-34 Years,5,05/01/2023,05/31/2023,9.523809524,Percent,ADVENTHEALTH ROLLINS BROOK,8017
6,IP,Stimulants overdose,Age,16-34 Years,7,07/01/2023,07/31/2023,10.86956522,Percent,ST VINCENT HEALTHCARE,8018
6,IP,Cannabis overdose,Age,16-34 Years,7,07/01/2023,07/31/2023,2.173913043,Percent,ROSELAND COMMUNITY HOSPITAL,8019
6,IP,Benzodiazepine overdose,Age,16-34 Years,7,07/01/2023,07/31/2023,2.173913043,Percent,FLOWERS HOSPITAL,8020
6,IP,Stimulants overdose,Age,16-34 Years,8,08/01/2023,08/31/2023,11.42857143,Percent,LIGHTHOUSE BEHAVIORAL HEALTH HOSPITAL,8021
6,IP,Cannabis overdose,Age,16-34 Years,8,08/01/2023,08/31/2023,2.857142857,Percent,ST CATHERINE OF SIENA HOSPITAL MEDICAL CENTER,8022
6,IP,Benzodiazepine overdose,Age,16-34 Years,8,08/01/2023,08/31/2023,0.0,Percent,DARDANELLE REGIONAL MEDICAL CENTER,8023
6,IP,Stimulants overdose,Age,16-34 Years,9,09/01/2023,09/30/2023,31.11111111,Percent,CRANE COUNTY HOSPITAL DISTRICT,8024
6,IP,Cannabis overdose,Age,16-34 Years,9,09/01/2023,09/30/2023,11.11111111,Percent,FAIRBANKS MEMORIAL HOSPITAL,8025
6,IP,Benzodiazepine overdose,Age,16-34 Years,9,09/01/2023,09/30/2023,17.77777778,Percent,UNITY MEDICAL CENTER,8026
6,IP,Stimulants overdose,Age,16-34 Years,10,10/01/2023,10/31/2023,16.66666667,Percent,DLP SWAIN COUNTY HOSPITAL LLC,8027
6,IP,Cannabis overdose,Age,16-34 Years,10,10/01/2023,10/31/2023,3.333333333,Percent,HARPER UNIVERSITY HOSPITAL,8028
6,IP,Benzodiazepine overdose,Age,16-34 Years,10,10/01/2023,10/31/2023,10.0,Percent,UW HEALTH,8029
6,IP,Stimulants overdose,Age,16-34 Years,11,11/01/2023,11/30/2023,6.060606061,Percent,PALOMAR HEALTH DOWNTOWN CAMPUS,8030
6,IP,Cannabis overdose,Age,16-34 Years,11,11/01/2023,11/30/2023,0.0,Percent,AVERA SACRED HEART HOSPITAL,8031
6,IP,Benzodiazepine overdose,Age,16-34 Years,11,11/01/2023,11/30/2023,6.060606061,Percent,SANTA ROSA MEDICAL CENTER,8032
6,IP,Stimulants overdose,Age,16-34 Years,12,12/01/2023,12/31/2023,16.12903226,Percent,WHITE PLAINS HOSPITAL CENTER,8033
6,IP,Cannabis overdose,Age,16-34 Years,12,12/01/2023,12/31/2023,6.451612903,Percent,WAGNER COMMUNITY MEMORIAL HOSPITAL - CAH,8034
6,IP,Benzodiazepine overdose,Age,16-34 Years,12,12/01/2023,12/31/2023,12.90322581,Percent,BILLINGS CLINIC BROADWATER,8035
6,IP,Stimulants overdose,Age,16-34 Years,13,01/01/2024,01/31/2024,13.88888889,Percent,THOMAS JEFFERSON UNIVERSITY HOSPITAL,8036
6,IP,Cannabis overdose,Age,16-34 Years,13,01/01/2024,01/31/2024,5.555555556,Percent,CHI ST. VINCENT HOSPITAL HOT SPRINGS,8037
6,IP,Benzodiazepine overdose,Age,16-34 Years,13,01/01/2024,01/31/2024,13.88888889,Percent,MERCY MEDICAL CENTER INC,8038
6,IP,Stimulants overdose,Age,16-34 Years,21,09/01/2024,09/30/2024,20.0,Percent,WEST RIVER REGIONAL MEDICAL CENTER,8039
6,IP,Cannabis overdose,Age,16-34 Years,21,09/01/2024,09/30/2024,0.0,Percent,NEWTON MEDICAL CENTER,8040
6,IP,Benzodiazepine overdose,Age,16-34 Years,21,09/01/2024,09/30/2024,13.33333333,Percent,ALLEN COUNTY REGIONAL HOSPITAL,8041
6,IP,Stimulants overdose,Age,16-34 Years,23,11/01/2024,11/30/2024,9.375,Percent,MADISON COUNTY MEMORIAL HOSPITAL,8042
6,IP,Cannabis overdose,Age,16-34 Years,23,11/01/2024,11/30/2024,3.125,Percent,BRIGHAM AND WOMEN'S FAULKNER HOSPITAL,8043
6,IP,Benzodiazepine overdose,Age,16-34 Years,23,11/01/2024,11/30/2024,9.375,Percent,METHODIST HOSPITAL OF SACRAMENTO,8044
6,IP,Stimulants overdose,Age,35-54 Years,1,01/01/2023,01/31/2023,16.27906977,Percent,SANTIAM HOSPITAL & CLINICS,8045
6,IP,Cannabis overdose,Age,35-54 Years,1,01/01/2023,01/31/2023,0.0,Percent,MINERAL COMMUNITY HOSPITAL,8046
6,IP,Benzodiazepine overdose,Age,35-54 Years,1,01/01/2023,01/31/2023,9.302325581,Percent,COMMUNITY MEMORIAL HOSPITAL - VENTURA,8047
6,IP,Stimulants overdose,Age,35-54 Years,2,02/01/2023,02/28/2023,22.91666667,Percent,EXCEPTIONAL COMMUNITY HOSPITAL YUMA,8048
6,IP,Cannabis overdose,Age,35-54 Years,2,02/01/2023,02/28/2023,2.083333333,Percent,TUFTS MEDICAL CENTER,8049
6,IP,Benzodiazepine overdose,Age,35-54 Years,2,02/01/2023,02/28/2023,4.166666667,Percent,PALISADES MEDICAL CENTER,8050
6,IP,Stimulants overdose,Age,35-54 Years,3,03/01/2023,03/31/2023,6.12244898,Percent,HAMILTON CENTER INC,8051
6,IP,Cannabis overdose,Age,35-54 Years,3,03/01/2023,03/31/2023,2.040816327,Percent,HCA FLORIDA BAYONET POINT HOSPITAL,8052
6,IP,Benzodiazepine overdose,Age,35-54 Years,3,03/01/2023,03/31/2023,2.040816327,Percent,MEMORIALCARE LONG BEACH MEDICAL CENTER,8053
6,IP,Stimulants overdose,Age,35-54 Years,4,04/01/2023,04/30/2023,13.46153846,Percent,BRATTLEBORO MEMORIAL HOSPITAL,8054
6,IP,Cannabis overdose,Age,35-54 Years,4,04/01/2023,04/30/2023,0.0,Percent,BETHESDA  HOSPITAL INC,8055
6,IP,Benzodiazepine overdose,Age,35-54 Years,4,04/01/2023,04/30/2023,3.846153846,Percent,OCEANS BEHAVIORAL HOSPITAL OF PASADENA,8056
6,IP,Stimulants overdose,Age,35-54 Years,5,05/01/2023,05/31/2023,12.82051282,Percent,CLIVE BEHAVIORAL HEALTH,8057
6,IP,Cannabis overdose,Age,35-54 Years,5,05/01/2023,05/31/2023,2.564102564,Percent,"PARK CENTER, INC",8058
6,IP,Benzodiazepine overdose,Age,35-54 Years,5,05/01/2023,05/31/2023,5.128205128,Percent,AVERA TYLER HOSPITAL,8059
6,IP,Stimulants overdose,Age,35-54 Years,6,06/01/2023,06/30/2023,15.09433962,Percent,REHOBOTH MCKINLEY CHRISTIAN HEALTH CARE SERVICES,8060
6,IP,Cannabis overdose,Age,35-54 Years,6,06/01/2023,06/30/2023,1.886792453,Percent,GRIFFIN HOSPITAL,8061
6,IP,Benzodiazepine overdose,Age,35-54 Years,6,06/01/2023,06/30/2023,7.547169811,Percent,MEMORIAL HOSPITAL PEMBROKE,8062
6,IP,Stimulants overdose,Age,35-54 Years,7,07/01/2023,07/31/2023,11.32075472,Percent,MIMBRES MEMORIAL HOSPITAL,8063
6,IP,Cannabis overdose,Age,35-54 Years,7,07/01/2023,07/31/2023,0.0,Percent,UNIVERSITY OF COLORADO HOSPITAL AUTHORITY,8064
6,IP,Benzodiazepine overdose,Age,35-54 Years,7,07/01/2023,07/31/2023,5.660377358,Percent,DANIELS MEMORIAL HOSPITAL,8065
6,IP,Stimulants overdose,Age,35-54 Years,8,08/01/2023,08/31/2023,15.25423729,Percent,KUAKINI MEDICAL CENTER,8066
6,IP,Cannabis overdose,Age,35-54 Years,8,08/01/2023,08/31/2023,5.084745763,Percent,TRINITY HEALTH MUSKEGON HOSPITAL,8067
6,IP,Benzodiazepine overdose,Age,35-54 Years,8,08/01/2023,08/31/2023,6.779661017,Percent,BAYLOR SCOTT AND WHITE SURGICAL HOSPITAL AT SHERMA,8068
6,IP,Stimulants overdose,Age,35-54 Years,9,09/01/2023,09/30/2023,10.16949153,Percent,BAXTER REGIONAL MEDICAL CENTER,8069
6,IP,Cannabis overdose,Age,35-54 Years,9,09/01/2023,09/30/2023,1.694915254,Percent,ASCENSION ST VINCENT RANDOLPH,8070
6,IP,Benzodiazepine overdose,Age,35-54 Years,9,09/01/2023,09/30/2023,3.389830508,Percent,MERCY MEDICAL CENTER OF MT SHASTA,8071
6,IP,Stimulants overdose,Age,35-54 Years,10,10/01/2023,10/31/2023,21.42857143,Percent,CENTRAL PENINSULA GENERAL HOSPITAL,8072
6,IP,Cannabis overdose,Age,35-54 Years,10,10/01/2023,10/31/2023,7.142857143,Percent,ST JOHNS REGIONAL MEDICAL CENTER,8073
6,IP,Benzodiazepine overdose,Age,35-54 Years,10,10/01/2023,10/31/2023,11.9047619,Percent,OUR LADY OF THE LAKE REGIONAL MEDICAL CENTER,8074
6,IP,Stimulants overdose,Age,35-54 Years,11,11/01/2023,11/30/2023,27.5,Percent,LAWRENCE COUNTY HOSPITAL CAH,8075
6,IP,Cannabis overdose,Age,35-54 Years,11,11/01/2023,11/30/2023,5.0,Percent,SIDNEY HEALTH CENTER,8076
6,IP,Benzodiazepine overdose,Age,35-54 Years,11,11/01/2023,11/30/2023,7.5,Percent,SALEM HEALTH WEST VALLEY HOSPITAL,8077
6,IP,Stimulants overdose,Age,35-54 Years,12,12/01/2023,12/31/2023,7.843137255,Percent,GATEWAYS HOSP  MENTAL HEALTH CTR,8078
6,IP,Cannabis overdose,Age,35-54 Years,12,12/01/2023,12/31/2023,0.0,Percent,PLATTE HEALTH CENTER,8079
6,IP,Benzodiazepine overdose,Age,35-54 Years,12,12/01/2023,12/31/2023,3.921568627,Percent,DEACONESS ILLINOIS CROSSROADS,8080
6,IP,Stimulants overdose,Age,35-54 Years,13,01/01/2024,01/31/2024,20.58823529,Percent,VAN BUREN COUNTY HOSPITAL,8081
6,IP,Cannabis overdose,Age,35-54 Years,13,01/01/2024,01/31/2024,2.941176471,Percent,WRIGHT MEMORIAL HOSPITAL,8082
6,IP,Benzodiazepine overdose,Age,35-54 Years,13,01/01/2024,01/31/2024,8.823529412,Percent,STARCARE SPECIALTY HEALTH /SUNRISE CANYON HOSPITAL,8083
6,IP,Stimulants overdose,Age,35-54 Years,14,02/01/2024,02/29/2024,15.625,Percent,BROADLAWNS MEDICAL CENTER,8084
6,IP,Cannabis overdose,Age,35-54 Years,14,02/01/2024,02/29/2024,3.125,Percent,THE NEBRASKA MEDICAL CENTER,8085
6,IP,Benzodiazepine overdose,Age,35-54 Years,14,02/01/2024,02/29/2024,9.375,Percent,CHI MEMORIAL HOSPITAL- GEORGIA,8086
6,IP,Stimulants overdose,Age,35-54 Years,15,03/01/2024,03/31/2024,12.24489796,Percent,ELMORE COMMUNITY HOSPITAL,8087
6,IP,Cannabis overdose,Age,35-54 Years,15,03/01/2024,03/31/2024,2.040816327,Percent,POCAHONTAS COMMUNITY HOSPITAL,8088
6,IP,Benzodiazepine overdose,Age,35-54 Years,15,03/01/2024,03/31/2024,12.24489796,Percent,MINNEAPOLIS VA MEDICAL CENTER,8089
6,IP,Stimulants overdose,Age,35-54 Years,16,04/01/2024,04/30/2024,9.302325581,Percent,MAYO CLINIC,8090
6,IP,Cannabis overdose,Age,35-54 Years,16,04/01/2024,04/30/2024,2.325581395,Percent,UCHICAGO MEDICINE NORTHWEST INDIANA,8091
6,IP,Benzodiazepine overdose,Age,35-54 Years,16,04/01/2024,04/30/2024,0.0,Percent,AMERY HOSPITAL & CLINIC,8092
6,IP,Stimulants overdose,Age,35-54 Years,17,05/01/2024,05/31/2024,6.976744186,Percent,JEROLD PHELPS COMMUNITY HOSPITAL,8093
6,IP,Cannabis overdose,Age,35-54 Years,17,05/01/2024,05/31/2024,2.325581395,Percent,MADISON ST JOSEPH HEALTH CENTER,8094
6,IP,Benzodiazepine overdose,Age,35-54 Years,17,05/01/2024,05/31/2024,6.976744186,Percent,MACNEAL  HOSPITAL,8095
6,IP,Stimulants overdose,Age,35-54 Years,18,06/01/2024,06/30/2024,22.64150943,Percent,LOURDES MEDICAL CENTER,8096
6,IP,Cannabis overdose,Age,35-54 Years,18,06/01/2024,06/30/2024,7.547169811,Percent,CANDLER HOSPITAL,8097
6,IP,Benzodiazepine overdose,Age,35-54 Years,18,06/01/2024,06/30/2024,5.660377358,Percent,COMMUNITY HOSPITAL EAST,8098
6,IP,Stimulants overdose,Age,35-54 Years,19,07/01/2024,07/31/2024,20.93023256,Percent,RED LAKE HOSPITAL,8099
6,IP,Cannabis overdose,Age,35-54 Years,19,07/01/2024,07/31/2024,4.651162791,Percent,ELMIRA PSYCH CENTER,8100
6,IP,Benzodiazepine overdose,Age,35-54 Years,19,07/01/2024,07/31/2024,0.0,Percent,FOREST VIEW PSYCHIATRIC HOSPITAL,8101
6,IP,Stimulants overdose,Age,35-54 Years,20,08/01/2024,08/31/2024,10.0,Percent,WILLIAM NEWTON HOSPITAL,8102
6,IP,Cannabis overdose,Age,35-54 Years,20,08/01/2024,08/31/2024,0.0,Percent,WATERBURY HOSPITAL,8103
6,IP,Benzodiazepine overdose,Age,35-54 Years,20,08/01/2024,08/31/2024,0.0,Percent,BETHESDA NORTH,8104
6,IP,Stimulants overdose,Age,35-54 Years,21,09/01/2024,09/30/2024,11.11111111,Percent,FREEMAN NEOSHO HOSPITAL,8105
6,IP,Cannabis overdose,Age,35-54 Years,21,09/01/2024,09/30/2024,5.555555556,Percent,COMMUNITY HOWARD REGIONAL HEALTH INC.,8106
6,IP,Benzodiazepine overdose,Age,35-54 Years,21,09/01/2024,09/30/2024,8.333333333,Percent,NELL J REDFIELD MEMORIAL HOSPITAL,8107
6,IP,Stimulants overdose,Age,35-54 Years,22,10/01/2024,10/31/2024,5.882352941,Percent,SANFORD THIEF RIVER FALLS MEDICAL CENTER,8108
6,IP,Cannabis overdose,Age,35-54 Years,22,10/01/2024,10/31/2024,0.0,Percent,MARTINSBURG VA MEDICAL CENTER,8109
6,IP,Benzodiazepine overdose,Age,35-54 Years,22,10/01/2024,10/31/2024,11.76470588,Percent,ALICE PECK DAY MEMORIAL HOSPITAL,8110
6,IP,Stimulants overdose,Age,55+ Years,1,01/01/2023,01/31/2023,6.52173913,Percent,DE TAR HOSPITAL NAVARRO,8111
6,IP,Cannabis overdose,Age,55+ Years,1,01/01/2023,01/31/2023,0.0,Percent,HEYWOOD HOSPITAL -,8112
6,IP,Benzodiazepine overdose,Age,55+ Years,1,01/01/2023,01/31/2023,2.173913043,Percent,OCHSNER LSU HEALTH SHREVEPORT-ST MARY MEDICAL CENT,8113
6,IP,Stimulants overdose,Age,55+ Years,2,02/01/2023,02/28/2023,10.86956522,Percent,CHEYENNE COUNTY HOSPITAL,8114
6,IP,Cannabis overdose,Age,55+ Years,2,02/01/2023,02/28/2023,0.0,Percent,ALEXIAN BROTHERS BEHAVIORAL HLTH HOSP,8115
6,IP,Benzodiazepine overdose,Age,55+ Years,2,02/01/2023,02/28/2023,8.695652174,Percent,LAKE REGIONAL HEALTH SYSTEM,8116
6,IP,Stimulants overdose,Age,55+ Years,3,03/01/2023,03/31/2023,2.127659574,Percent,SEVEN HILLS BEHAVIORAL INSTITUTE,8117
6,IP,Cannabis overdose,Age,55+ Years,3,03/01/2023,03/31/2023,0.0,Percent,JUPITER MEDICAL CENTER,8118
6,IP,Benzodiazepine overdose,Age,55+ Years,3,03/01/2023,03/31/2023,10.63829787,Percent,TEMPE ST LUKES HOSPITAL,8119
6,IP,Stimulants overdose,Age,55+ Years,4,04/01/2023,04/30/2023,6.25,Percent,NORTH OAKS MEDICAL CENTER,8120
6,IP,Cannabis overdose,Age,55+ Years,4,04/01/2023,04/30/2023,0.0,Percent,NORTHBAY MEDICAL CENTER,8121
6,IP,Benzodiazepine overdose,Age,55+ Years,4,04/01/2023,04/30/2023,4.166666667,Percent,MARY GREELEY MEDICAL CENTER,8122
6,IP,Stimulants overdose,Age,55+ Years,5,05/01/2023,05/31/2023,6.896551724,Percent,OVERLOOK MEDICAL CENTER,8123
6,IP,Cannabis overdose,Age,55+ Years,5,05/01/2023,05/31/2023,0.0,Percent,HOSPITAL DE LA CONCEPCION,8124
6,IP,Benzodiazepine overdose,Age,55+ Years,5,05/01/2023,05/31/2023,1.724137931,Percent,WILLAPA HARBOR HOSPITAL,8125
6,IP,Stimulants overdose,Age,55+ Years,6,06/01/2023,06/30/2023,6.25,Percent,PARK PLACE SURGICAL HOSPITAL,8126
6,IP,Cannabis overdose,Age,55+ Years,6,06/01/2023,06/30/2023,4.166666667,Percent,EL PASO PSYCHIATRIC CENTER,8127
6,IP,Benzodiazepine overdose,Age,55+ Years,6,06/01/2023,06/30/2023,2.083333333,Percent,SURGICAL HOSPITAL OF OKLAHOMA,8128
6,IP,Stimulants overdose,Age,55+ Years,7,07/01/2023,07/31/2023,9.433962264,Percent,EASTPOINTE HOSPITAL,8129
6,IP,Cannabis overdose,Age,55+ Years,7,07/01/2023,07/31/2023,1.886792453,Percent,PIEDMONT MEDICAL CENTER,8130
6,IP,Benzodiazepine overdose,Age,55+ Years,7,07/01/2023,07/31/2023,0.0,Percent,LAUREL RIDGE TREATMENT CENTER,8131
6,IP,Stimulants overdose,Age,55+ Years,8,08/01/2023,08/31/2023,10.41666667,Percent,MEDICAL BEHAVIORAL HOSPITAL - MISHAWAKA,8132
6,IP,Cannabis overdose,Age,55+ Years,8,08/01/2023,08/31/2023,2.083333333,Percent,SOUTHERN WINDS HOSPITAL,8133
6,IP,Benzodiazepine overdose,Age,55+ Years,8,08/01/2023,08/31/2023,6.25,Percent,CONWAY BEHAVIORAL HEALTH,8134
6,IP,Stimulants overdose,Age,55+ Years,9,09/01/2023,09/30/2023,9.523809524,Percent,PARDEE HOSPITAL HENDERSON COUNTY,8135
6,IP,Cannabis overdose,Age,55+ Years,9,09/01/2023,09/30/2023,0.0,Percent,CRENSHAW COMMUNITY HOSPITAL,8136
6,IP,Benzodiazepine overdose,Age,55+ Years,9,09/01/2023,09/30/2023,9.523809524,Percent,HIGGINS GENERAL HOSPITAL,8137
6,IP,Stimulants overdose,Age,55+ Years,10,10/01/2023,10/31/2023,7.5,Percent,HCA HOUSTON HEALTHCARE KINGWOOD,8138
6,IP,Cannabis overdose,Age,55+ Years,10,10/01/2023,10/31/2023,2.5,Percent,BANNER IRONWOOD MEDICAL CENTER,8139
6,IP,Benzodiazepine overdose,Age,55+ Years,10,10/01/2023,10/31/2023,0.0,Percent,TAMPA GENERAL HOSPITAL BROOKSVILLE,8140
6,IP,Stimulants overdose,Age,55+ Years,11,11/01/2023,11/30/2023,5.0,Percent,CAREWELL HEALTH MEDICAL CENTER,8141
6,IP,Cannabis overdose,Age,55+ Years,11,11/01/2023,11/30/2023,0.0,Percent,DINI-TOWNSEND HOSPITAL AT NNMH,8142
6,IP,Benzodiazepine overdose,Age,55+ Years,11,11/01/2023,11/30/2023,7.5,Percent,UNITY PSYCHIATRIC CARE - HUNTSVILLE,8143
6,IP,Stimulants overdose,Age,55+ Years,12,12/01/2023,12/31/2023,6.12244898,Percent,SUTTER CENTER FOR PSYCHIATRY,8144
6,IP,Cannabis overdose,Age,55+ Years,12,12/01/2023,12/31/2023,4.081632653,Percent,"COOLEY DICKINSON HOSPITAL INC,THE",8145
6,IP,Benzodiazepine overdose,Age,55+ Years,12,12/01/2023,12/31/2023,0.0,Percent,VA CENTRAL ALABAMA HEALTHCARE SYSTEM - MONTGOMERY,8146
6,IP,Stimulants overdose,Age,55+ Years,13,01/01/2024,01/31/2024,9.523809524,Percent,BOISE VA MEDICAL CENTER,8147
6,IP,Cannabis overdose,Age,55+ Years,13,01/01/2024,01/31/2024,2.380952381,Percent,COMMUNITY HOSPITAL OF STAUNTON,8148
6,IP,Benzodiazepine overdose,Age,55+ Years,13,01/01/2024,01/31/2024,11.9047619,Percent,"NORTHEAST GEORGIA MEDICAL CENTER, INC",8149
6,IP,Stimulants overdose,Age,55+ Years,14,02/01/2024,02/29/2024,5.263157895,Percent,GENOA COMMUNITY HOSPITAL,8150
6,IP,Cannabis overdose,Age,55+ Years,14,02/01/2024,02/29/2024,0.0,Percent,ANN & ROBERT H LURIE CHILDRENS HOSPITAL OF CHICAGO,8151
6,IP,Benzodiazepine overdose,Age,55+ Years,14,02/01/2024,02/29/2024,7.894736842,Percent,CARILION NEW RIVER VALLEY MEDICAL CENTER,8152
6,IP,Stimulants overdose,Age,55+ Years,15,03/01/2024,03/31/2024,4.761904762,Percent,WINDSOR LAURELWOOD CENTER FOR BEHAVORIAL MEDICINE,8153
6,IP,Cannabis overdose,Age,55+ Years,15,03/01/2024,03/31/2024,0.0,Percent,KALKASKA MEMORIAL HEALTH CENTER,8154
6,IP,Benzodiazepine overdose,Age,55+ Years,15,03/01/2024,03/31/2024,4.761904762,Percent,TRISTAR GREENVIEW REGIONAL HOSPITAL,8155
6,IP,Stimulants overdose,Age,55+ Years,16,04/01/2024,04/30/2024,11.36363636,Percent,HARLAN ARH HOSPITAL,8156
6,IP,Cannabis overdose,Age,55+ Years,16,04/01/2024,04/30/2024,4.545454545,Percent,"SAINT FRANCIS HOSPITAL, INC",8157
6,IP,Benzodiazepine overdose,Age,55+ Years,16,04/01/2024,04/30/2024,6.818181818,Percent,ACADIA ST LANDRY,8158
6,IP,Stimulants overdose,Age,55+ Years,17,05/01/2024,05/31/2024,12.82051282,Percent,FAYETTE MEDICAL CENTER,8159
6,IP,Cannabis overdose,Age,55+ Years,17,05/01/2024,05/31/2024,0.0,Percent,LOUIS A WEISS MEMORIAL HOSPITAL,8160
6,IP,Benzodiazepine overdose,Age,55+ Years,17,05/01/2024,05/31/2024,7.692307692,Percent,SAN MATEO MEDICAL CENTER,8161
6,IP,Stimulants overdose,Age,55+ Years,18,06/01/2024,06/30/2024,6.976744186,Percent,GRADY MEMORIAL HOSPITAL,8162
6,IP,Cannabis overdose,Age,55+ Years,18,06/01/2024,06/30/2024,0.0,Percent,HENRY FORD HEALTH WYANDOTTE HOSPITAL,8163
6,IP,Benzodiazepine overdose,Age,55+ Years,18,06/01/2024,06/30/2024,2.325581395,Percent,HOSPITAL MENONITA PONCE,8164
6,IP,Stimulants overdose,Age,55+ Years,19,07/01/2024,07/31/2024,8.333333333,Percent,ST VINCENTS BLOUNT,8165
6,IP,Cannabis overdose,Age,55+ Years,19,07/01/2024,07/31/2024,2.083333333,Percent,OCONOMOWOC MEMORIAL HOSPITAL,8166
6,IP,Benzodiazepine overdose,Age,55+ Years,19,07/01/2024,07/31/2024,4.166666667,Percent,OKLAHOMA CITY VA MEDICAL CENTER,8167
6,IP,Stimulants overdose,Age,55+ Years,20,08/01/2024,08/31/2024,10.0,Percent,ESSENTIA HEALTH ST MARY'S MEDICAL CENTER,8168
6,IP,Cannabis overdose,Age,55+ Years,20,08/01/2024,08/31/2024,0.0,Percent,LONGMONT UNITED HOSPITAL,8169
6,IP,Benzodiazepine overdose,Age,55+ Years,20,08/01/2024,08/31/2024,15.0,Percent,SAINT ANTHONY MEDICAL CENTER,8170
6,IP,Stimulants overdose,Age,55+ Years,21,09/01/2024,09/30/2024,2.222222222,Percent,ANTELOPE MEMORIAL HOSPITAL,8171
6,IP,Cannabis overdose,Age,55+ Years,21,09/01/2024,09/30/2024,0.0,Percent,PONTIAC GENERAL HOSPITAL,8172
6,IP,Benzodiazepine overdose,Age,55+ Years,21,09/01/2024,09/30/2024,4.444444444,Percent,FERRELL HOSPITAL COMMUNITY FOUNDATIONS,8173
6,IP,Stimulants overdose,Age,55+ Years,22,10/01/2024,10/31/2024,4.761904762,Percent,MEMORIAL HERMANN KATY HOSPITAL,8174
6,IP,Cannabis overdose,Age,55+ Years,22,10/01/2024,10/31/2024,0.0,Percent,ASCENSION ST VINCENT WARRICK,8175
6,IP,Benzodiazepine overdose,Age,55+ Years,22,10/01/2024,10/31/2024,2.380952381,Percent,HOLZER MEDICAL CENTER,8176
6,IP,Stimulants overdose,Age,55+ Years,23,11/01/2024,11/30/2024,4.347826087,Percent,ASHTABULA COUNTY MEDICAL CENTER,8177
6,IP,Cannabis overdose,Age,55+ Years,23,11/01/2024,11/30/2024,0.0,Percent,MADELIA HEALTH,8178
6,IP,Benzodiazepine overdose,Age,55+ Years,23,11/01/2024,11/30/2024,0.0,Percent,"MIDWESTERN REGION MED CENTER, INC",8179
6,IP,Stimulants overdose,Sex,Female,1,01/01/2023,01/31/2023,5.0,Percent,SUTTER AMADOR HOSPITAL,8180
6,IP,Cannabis overdose,Sex,Female,1,01/01/2023,01/31/2023,0.0,Percent,SPRINGHILL MEDICAL CENTER,8181
6,IP,Benzodiazepine overdose,Sex,Female,1,01/01/2023,01/31/2023,7.5,Percent,LEWISGALE HOSPITAL PULASKI,8182
6,IP,Stimulants overdose,Sex,Female,2,02/01/2023,02/28/2023,11.36363636,Percent,BRONSON SOUTH HAVEN HOSPITAL,8183
6,IP,Cannabis overdose,Sex,Female,2,02/01/2023,02/28/2023,0.0,Percent,EATON RAPIDS MEDICAL CENTER,8184
6,IP,Benzodiazepine overdose,Sex,Female,2,02/01/2023,02/28/2023,11.36363636,Percent,LOVELACE MEDICAL CENTER,8185
6,IP,Stimulants overdose,Sex,Female,3,03/01/2023,03/31/2023,4.255319149,Percent,ADVENTHEALTH WESLEY CHAPEL,8186
6,IP,Cannabis overdose,Sex,Female,3,03/01/2023,03/31/2023,2.127659574,Percent,"OAKWOOD SPRINGS, LLC",8187
6,IP,Benzodiazepine overdose,Sex,Female,3,03/01/2023,03/31/2023,10.63829787,Percent,ROCKLAND PSYCH CTR,8188
6,IP,Stimulants overdose,Sex,Female,4,04/01/2023,04/30/2023,9.803921569,Percent,KAPIOLANI MEDICAL CENTER FOR WOMEN & CHILDREN,8189
6,IP,Cannabis overdose,Sex,Female,4,04/01/2023,04/30/2023,0.0,Percent,WESTFIELDS HOSPITAL AND CLINIC,8190
6,IP,Benzodiazepine overdose,Sex,Female,4,04/01/2023,04/30/2023,1.960784314,Percent,MERCER COUNTY JOINT TOWNSHIP COMMUNITY HOSPITAL,8191
6,IP,Stimulants overdose,Sex,Female,5,05/01/2023,05/31/2023,15.25423729,Percent,BAYLOR SCOTT & WHITE MEDICAL CENTER HILLCREST,8192
6,IP,Cannabis overdose,Sex,Female,5,05/01/2023,05/31/2023,3.389830508,Percent,ALASKA PSYCHIATRIC INSTITUTE,8193
6,IP,Benzodiazepine overdose,Sex,Female,5,05/01/2023,05/31/2023,5.084745763,Percent,LAKES REGIONAL HEALTHCARE,8194
6,IP,Stimulants overdose,Sex,Female,6,06/01/2023,06/30/2023,5.660377358,Percent,JEFFERSON COUNTY HEALTH CENTER,8195
6,IP,Cannabis overdose,Sex,Female,6,06/01/2023,06/30/2023,3.773584906,Percent,CALLAHAN EYE HOSPITAL,8196
6,IP,Benzodiazepine overdose,Sex,Female,6,06/01/2023,06/30/2023,7.547169811,Percent,ADVOCATE TRINITY HOSPITAL,8197
6,IP,Stimulants overdose,Sex,Female,7,07/01/2023,07/31/2023,8.474576271,Percent,"ASCENSION PROVIDENCE HOSPITAL, SOUTHFIELD AND NOVI",8198
6,IP,Cannabis overdose,Sex,Female,7,07/01/2023,07/31/2023,3.389830508,Percent,LEVINDALE HEBREW GERIATRIC CENTER AND HOSPITAL,8199
6,IP,Benzodiazepine overdose,Sex,Female,7,07/01/2023,07/31/2023,6.779661017,Percent,COLQUITT REGIONAL MEDICAL CENTER,8200
6,IP,Stimulants overdose,Sex,Female,8,08/01/2023,08/31/2023,11.32075472,Percent,ADVENTIST HEALTH HANFORD,8201
6,IP,Cannabis overdose,Sex,Female,8,08/01/2023,08/31/2023,3.773584906,Percent,BANNER CASA GRANDE MEDICAL CENTER,8202
6,IP,Benzodiazepine overdose,Sex,Female,8,08/01/2023,08/31/2023,3.773584906,Percent,MASON GENERAL HOSPITAL & FAMILY OF CLINICS,8203
6,IP,Stimulants overdose,Sex,Female,9,09/01/2023,09/30/2023,18.60465116,Percent,"SACRAMENTO BEHAVIORAL HEALTHCARE HOSPITAL, LLC",8204
6,IP,Cannabis overdose,Sex,Female,9,09/01/2023,09/30/2023,9.302325581,Percent,INDIANA UNIVERSITY HEALTH NORTH HOSPITAL,8205
6,IP,Benzodiazepine overdose,Sex,Female,9,09/01/2023,09/30/2023,16.27906977,Percent,BARRETT HOSPITAL & HEALTHCARE,8206
6,IP,Stimulants overdose,Sex,Female,10,10/01/2023,10/31/2023,15.2173913,Percent,METRO NASHVILLE GENERAL HOSPITAL,8207
6,IP,Cannabis overdose,Sex,Female,10,10/01/2023,10/31/2023,4.347826087,Percent,ST JOSEPHS AREA  HEALTH SERVICES,8208
6,IP,Benzodiazepine overdose,Sex,Female,10,10/01/2023,10/31/2023,2.173913043,Percent,MARCUM AND WALLACE MEMORIAL HOSPITAL,8209
6,IP,Stimulants overdose,Sex,Female,11,11/01/2023,11/30/2023,8.0,Percent,HARLEM HOSPITAL CENTER,8210
6,IP,Cannabis overdose,Sex,Female,11,11/01/2023,11/30/2023,2.0,Percent,"BHC MESILLA VALLEY HOSPITAL, LLC",8211
6,IP,Benzodiazepine overdose,Sex,Female,11,11/01/2023,11/30/2023,4.0,Percent,OLIVIA HOSPITAL & CLINIC,8212
6,IP,Stimulants overdose,Sex,Female,12,12/01/2023,12/31/2023,9.090909091,Percent,ASCENSION SE WISCONSIN HOSPITAL,8213
6,IP,Cannabis overdose,Sex,Female,12,12/01/2023,12/31/2023,0.0,Percent,VALLEYWISE HEALTH MEDICAL CENTER,8214
6,IP,Benzodiazepine overdose,Sex,Female,12,12/01/2023,12/31/2023,3.636363636,Percent,EAST VALLEY ER & HOSPITAL,8215
6,IP,Stimulants overdose,Sex,Female,13,01/01/2024,01/31/2024,9.302325581,Percent,BENSON HOSPITAL,8216
6,IP,Cannabis overdose,Sex,Female,13,01/01/2024,01/31/2024,6.976744186,Percent,SIBLEY MEMORIAL HOSPITAL,8217
6,IP,Benzodiazepine overdose,Sex,Female,13,01/01/2024,01/31/2024,18.60465116,Percent,ENCINO HOSPITAL MEDICAL CENTER,8218
6,IP,Stimulants overdose,Sex,Female,14,02/01/2024,02/29/2024,6.666666667,Percent,LIFEBRITE COMMUNITY HOSPITAL OF EARLY,8219
6,IP,Cannabis overdose,Sex,Female,14,02/01/2024,02/29/2024,0.0,Percent,ASCENSION BORGESS LEE HOSPITAL,8220
6,IP,Benzodiazepine overdose,Sex,Female,14,02/01/2024,02/29/2024,10.0,Percent,CARLE FOUNDATION HOSPITAL,8221
6,IP,Stimulants overdose,Sex,Female,15,03/01/2024,03/31/2024,4.166666667,Percent,HOSPITAL DAMAS INC,8222
6,IP,Cannabis overdose,Sex,Female,15,03/01/2024,03/31/2024,4.166666667,Percent,DOROTHEA DIX PSYCHIATRIC CENTER,8223
6,IP,Benzodiazepine overdose,Sex,Female,15,03/01/2024,03/31/2024,6.25,Percent,SAMARITAN BEHAVIORAL CENTER,8224
6,IP,Stimulants overdose,Sex,Female,16,04/01/2024,04/30/2024,13.33333333,Percent,HOOD MEMORIAL HOSPITAL,8225
6,IP,Cannabis overdose,Sex,Female,16,04/01/2024,04/30/2024,6.666666667,Percent,PARK NICOLLET METHODIST HOSPITAL,8226
6,IP,Benzodiazepine overdose,Sex,Female,16,04/01/2024,04/30/2024,8.888888889,Percent,"ROCK REGIONAL HOSPITAL, LLC",8227
6,IP,Stimulants overdose,Sex,Female,17,05/01/2024,05/31/2024,10.0,Percent,IOWA SPECIALTY HOSPITAL - BELMOND,8228
6,IP,Cannabis overdose,Sex,Female,17,05/01/2024,05/31/2024,2.0,Percent,JEFF DAVIS HOSPITAL,8229
6,IP,Benzodiazepine overdose,Sex,Female,17,05/01/2024,05/31/2024,6.0,Percent,STANISLAUS SURGICAL HOSPITAL,8230
6,IP,Stimulants overdose,Sex,Female,18,06/01/2024,06/30/2024,16.32653061,Percent,JACKSON HEALTHCARE CENTER,8231
6,IP,Cannabis overdose,Sex,Female,18,06/01/2024,06/30/2024,2.040816327,Percent,PIEDMONT ATHENS REGIONAL MEDICAL CENTER,8232
6,IP,Benzodiazepine overdose,Sex,Female,18,06/01/2024,06/30/2024,10.20408163,Percent,SURPRISE VALLEY COMMUNITY HOSPITAL,8233
6,IP,Stimulants overdose,Sex,Female,19,07/01/2024,07/31/2024,5.128205128,Percent,SHANNON MEDICAL CENTER,8234
6,IP,Cannabis overdose,Sex,Female,19,07/01/2024,07/31/2024,5.128205128,Percent,TYLER HOLMES MEMORIAL HOSPITAL CAH,8235
6,IP,Benzodiazepine overdose,Sex,Female,19,07/01/2024,07/31/2024,5.128205128,Percent,BILLINGS CLINIC,8236
6,IP,Stimulants overdose,Sex,Female,20,08/01/2024,08/31/2024,9.523809524,Percent,NORTHEAST GEORGIA MEDICAL CENTER LUMPKIN,8237
6,IP,Cannabis overdose,Sex,Female,20,08/01/2024,08/31/2024,2.380952381,Percent,DR JOHN C CORRIGAN MENTAL HEALTH CENTER,8238
6,IP,Benzodiazepine overdose,Sex,Female,20,08/01/2024,08/31/2024,9.523809524,Percent,"WALDEN BEHAVIORAL CARE, LLC",8239
6,IP,Stimulants overdose,Sex,Female,21,09/01/2024,09/30/2024,7.843137255,Percent,SOUTHEAST GEORGIA HEALTH SYSTEM- BRUNSWICK CAMPUS,8240
6,IP,Cannabis overdose,Sex,Female,21,09/01/2024,09/30/2024,1.960784314,Percent,PIEDMONT EASTSIDE MEDICAL CENTER,8241
6,IP,Benzodiazepine overdose,Sex,Female,21,09/01/2024,09/30/2024,7.843137255,Percent,WINSTON MEDICAL CENTER,8242
6,IP,Stimulants overdose,Sex,Female,22,10/01/2024,10/31/2024,6.25,Percent,OZARKS COMMUNITY HOSPITAL OF GRAVETTE,8243
6,IP,Cannabis overdose,Sex,Female,22,10/01/2024,10/31/2024,3.125,Percent,MILWAUKEE VA MEDICAL CENTER,8244
6,IP,Benzodiazepine overdose,Sex,Female,22,10/01/2024,10/31/2024,9.375,Percent,KULA HOSPITAL,8245
6,IP,Stimulants overdose,Sex,Female,23,11/01/2024,11/30/2024,2.325581395,Percent,POWER COUNTY HOSPITAL DISTRICT,8246
6,IP,Cannabis overdose,Sex,Female,23,11/01/2024,11/30/2024,4.651162791,Percent,HARTGROVE HOSPITAL,8247
6,IP,Benzodiazepine overdose,Sex,Female,23,11/01/2024,11/30/2024,9.302325581,Percent,MOUNTAIN HOME VA MEDICAL CENTER,8248
6,IP,Stimulants overdose,Sex,Male,1,01/01/2023,01/31/2023,13.92405063,Percent,ARKANSAS CHILDREN'S HOSPITAL,8249
6,IP,Cannabis overdose,Sex,Male,1,01/01/2023,01/31/2023,2.53164557,Percent,MONROE HOSPITAL,8250
6,IP,Benzodiazepine overdose,Sex,Male,1,01/01/2023,01/31/2023,7.594936709,Percent,PIEDMONT ROCKDALE HOSPITAL,8251
6,IP,Stimulants overdose,Sex,Male,2,02/01/2023,02/28/2023,19.6969697,Percent,VIRTUA OUR LADY OF LOURDES HOSPITAL,8252
6,IP,Cannabis overdose,Sex,Male,2,02/01/2023,02/28/2023,1.515151515,Percent,673rd Medical Group (Joint Base Elmendorf-Richardson),8253
6,IP,Benzodiazepine overdose,Sex,Male,2,02/01/2023,02/28/2023,1.515151515,Percent,MC DONOUGH DISTRICT HOSPITAL,8254
6,IP,Stimulants overdose,Sex,Male,3,03/01/2023,03/31/2023,6.741573034,Percent,Dwight Eisenhower AMC (FT Gordon),8255
6,IP,Cannabis overdose,Sex,Male,3,03/01/2023,03/31/2023,0.0,Percent,CHI HEALTH - MERCY CORNING,8256
6,IP,Benzodiazepine overdose,Sex,Male,3,03/01/2023,03/31/2023,1.123595506,Percent,HORSHAM CLINIC,8257
6,IP,Stimulants overdose,Sex,Male,4,04/01/2023,04/30/2023,10.71428571,Percent,BROWARD HEALTH NORTH,8258
6,IP,Cannabis overdose,Sex,Male,4,04/01/2023,04/30/2023,2.380952381,Percent,UNIVERSITY OF MD BALTIMORE WASHINGTON MEDICAL CENTER,8259
6,IP,Benzodiazepine overdose,Sex,Male,4,04/01/2023,04/30/2023,5.952380952,Percent,BAYLOR SCOTT & WHITE MEDICAL CENTER- COLLEGE STATI,8260
6,IP,Stimulants overdose,Sex,Male,5,05/01/2023,05/31/2023,13.95348837,Percent,FRANCISCAN HEALTH MUNSTER,8261
6,IP,Cannabis overdose,Sex,Male,5,05/01/2023,05/31/2023,3.488372093,Percent,UMASS MEMORIAL HEALTHCARE-MARLBOROUGH HOSPITAL,8262
6,IP,Benzodiazepine overdose,Sex,Male,5,05/01/2023,05/31/2023,5.813953488,Percent,THE BEHAVIORAL CENTER OF MICHIGAN,8263
6,IP,Stimulants overdose,Sex,Male,6,06/01/2023,06/30/2023,16.88311688,Percent,ORLANDO VA MEDICAL CENTER,8264
6,IP,Cannabis overdose,Sex,Male,6,06/01/2023,06/30/2023,2.597402597,Percent,PHOENIX VA MEDICAL CENTER,8265
6,IP,Benzodiazepine overdose,Sex,Male,6,06/01/2023,06/30/2023,3.896103896,Percent,ALLEGHENY GENERAL HOSPITAL,8266
6,IP,Stimulants overdose,Sex,Male,7,07/01/2023,07/31/2023,12.24489796,Percent,LOMA LINDA UNIVERSITY MEDICAL CENTER,8267
6,IP,Cannabis overdose,Sex,Male,7,07/01/2023,07/31/2023,1.020408163,Percent,CONEMAUGH NASON MEDICAL CENTER,8268
6,IP,Benzodiazepine overdose,Sex,Male,7,07/01/2023,07/31/2023,0.0,Percent,WAVERLY HEALTH CENTER,8269
6,IP,Stimulants overdose,Sex,Male,8,08/01/2023,08/31/2023,12.90322581,Percent,PHOENIX INDIAN MEDICAL CENTER,8270
6,IP,Cannabis overdose,Sex,Male,8,08/01/2023,08/31/2023,3.225806452,Percent,ST LOUIS-JOHN COCHRAN VA MEDICAL CENTER,8271
6,IP,Benzodiazepine overdose,Sex,Male,8,08/01/2023,08/31/2023,5.376344086,Percent,SANFORD MEDICAL CENTER FARGO,8272
6,IP,Stimulants overdose,Sex,Male,9,09/01/2023,09/30/2023,14.54545455,Percent,SGMC BERRIEN CAMPUS,8273
6,IP,Cannabis overdose,Sex,Male,9,09/01/2023,09/30/2023,1.818181818,Percent,UNIVERSITY MEDICAL CENTER,8274
6,IP,Benzodiazepine overdose,Sex,Male,9,09/01/2023,09/30/2023,6.363636364,Percent,UCSF LANGLEY PORTER PSYCHIATRIC HOSPITAL AND CLINICS,8275
6,IP,Stimulants overdose,Sex,Male,10,10/01/2023,10/31/2023,15.71428571,Percent,MARY RUTAN HOSPITAL,8276
6,IP,Cannabis overdose,Sex,Male,10,10/01/2023,10/31/2023,4.285714286,Percent,SAINT AGNES HOSPITAL,8277
6,IP,Benzodiazepine overdose,Sex,Male,10,10/01/2023,10/31/2023,10.0,Percent,ADVENTIST HEALTH SONORA,8278
6,IP,Stimulants overdose,Sex,Male,11,11/01/2023,11/30/2023,16.90140845,Percent,LENOX HILL HOSPITAL,8279
6,IP,Cannabis overdose,Sex,Male,11,11/01/2023,11/30/2023,1.408450704,Percent,THAYER COUNTY HEALTH SERVICES,8280
6,IP,Benzodiazepine overdose,Sex,Male,11,11/01/2023,11/30/2023,8.450704225,Percent,"APOLLO BEHAVIORAL HEALTH HOSPITAL, L L C",8281
6,IP,Stimulants overdose,Sex,Male,12,12/01/2023,12/31/2023,8.860759494,Percent,MAYO CLINIC HEALTH SYSTEM - LAKE CITY,8282
6,IP,Cannabis overdose,Sex,Male,12,12/01/2023,12/31/2023,5.063291139,Percent,HERITAGE VALLEY BEAVER,8283
6,IP,Benzodiazepine overdose,Sex,Male,12,12/01/2023,12/31/2023,5.063291139,Percent,MONMOUTH MEDICAL CENTER-SOUTHERN CAMPUS,8284
6,IP,Stimulants overdose,Sex,Male,13,01/01/2024,01/31/2024,17.14285714,Percent,COBRE VALLEY REGIONAL MEDICAL CENTER,8285
6,IP,Cannabis overdose,Sex,Male,13,01/01/2024,01/31/2024,1.428571429,Percent,SANFORD CANBY MEDICAL CENTER,8286
6,IP,Benzodiazepine overdose,Sex,Male,13,01/01/2024,01/31/2024,7.142857143,Percent,UCI HEALTH - FOUNTAIN VALLEY,8287
6,IP,Stimulants overdose,Sex,Male,14,02/01/2024,02/29/2024,16.17647059,Percent,DOCTORS HOSPITAL,8288
6,IP,Cannabis overdose,Sex,Male,14,02/01/2024,02/29/2024,1.470588235,Percent,INOVA LOUDOUN HOSPITAL,8289
6,IP,Benzodiazepine overdose,Sex,Male,14,02/01/2024,02/29/2024,7.352941176,Percent,WICKENBURG COMMUNITY HOSPITAL,8290
6,IP,Stimulants overdose,Sex,Male,15,03/01/2024,03/31/2024,12.67605634,Percent,CARO PSYCHIATRIC HOSPITAL,8291
6,IP,Cannabis overdose,Sex,Male,15,03/01/2024,03/31/2024,1.408450704,Percent,"LAUREATE PSYCHIATRIC CLINIC AND HOSPITAL, INC",8292
6,IP,Benzodiazepine overdose,Sex,Male,15,03/01/2024,03/31/2024,9.85915493,Percent,ST JOSEPH HOSPITAL,8293
6,IP,Stimulants overdose,Sex,Male,16,04/01/2024,04/30/2024,12.12121212,Percent,ROOKS COUNTY HEALTH CENTER,8294
6,IP,Cannabis overdose,Sex,Male,16,04/01/2024,04/30/2024,3.03030303,Percent,"LUMINIS HEALTH ANNE ARUNDEL MEDICAL CENTER, INC",8295
6,IP,Benzodiazepine overdose,Sex,Male,16,04/01/2024,04/30/2024,0.0,Percent,AURORA MEDICAL CTR WASHINGTON COUNTY,8296
6,IP,Stimulants overdose,Sex,Male,17,05/01/2024,05/31/2024,14.0625,Percent,VALLEYWISE HEALTH MEDICAL CENTER,8297
6,IP,Cannabis overdose,Sex,Male,17,05/01/2024,05/31/2024,6.25,Percent,UPHS MARQUETTE DLP HOSPITAL,8298
6,IP,Benzodiazepine overdose,Sex,Male,17,05/01/2024,05/31/2024,9.375,Percent,YUMA REGIONAL MEDICAL CENTER,8299
6,IP,Stimulants overdose,Sex,Male,18,06/01/2024,06/30/2024,16.66666667,Percent,COMMUNITY HOSPITAL,8300
6,IP,Cannabis overdose,Sex,Male,18,06/01/2024,06/30/2024,6.944444444,Percent,CANONSBURG GENERAL HOSPITAL,8301
6,IP,Benzodiazepine overdose,Sex,Male,18,06/01/2024,06/30/2024,1.388888889,Percent,HILL COUNTRY MEMORIAL HOSPITAL,8302
6,IP,Stimulants overdose,Sex,Male,19,07/01/2024,07/31/2024,20.0,Percent,CAMERON MEMORIAL COMMUNITY HOSPITAL INC,8303
6,IP,Cannabis overdose,Sex,Male,19,07/01/2024,07/31/2024,2.5,Percent,MUNISING MEMORIAL HOSPITAL,8304
6,IP,Benzodiazepine overdose,Sex,Male,19,07/01/2024,07/31/2024,3.75,Percent,KING'S DAUGHTERS' MEDICAL CENTER,8305
6,IP,Stimulants overdose,Sex,Male,20,08/01/2024,08/31/2024,13.79310345,Percent,HENRY COUNTY MEMORIAL HOSPITAL,8306
6,IP,Cannabis overdose,Sex,Male,20,08/01/2024,08/31/2024,5.172413793,Percent,SPRING VIEW HOSPITAL,8307
6,IP,Benzodiazepine overdose,Sex,Male,20,08/01/2024,08/31/2024,6.896551724,Percent,SHARE MEDICAL CENTER,8308
6,IP,Stimulants overdose,Sex,Male,21,09/01/2024,09/30/2024,12.5,Percent,"SANCTUARY AT THE WOODLANDS, THE",8309
6,IP,Cannabis overdose,Sex,Male,21,09/01/2024,09/30/2024,3.125,Percent,M HEALTH FAIRVIEW WOODWINDS HOSPITAL,8310
6,IP,Benzodiazepine overdose,Sex,Male,21,09/01/2024,09/30/2024,7.8125,Percent,ESTES PARK MEDICAL CENTER,8311
6,IP,Stimulants overdose,Sex,Male,22,10/01/2024,10/31/2024,10.76923077,Percent,CATALINA ISLAND MEDICAL CENTER,8312
6,IP,Cannabis overdose,Sex,Male,22,10/01/2024,10/31/2024,1.538461538,Percent,MARSHFIELD MEDICAL CENTER - EAU CLAIRE,8313
6,IP,Benzodiazepine overdose,Sex,Male,22,10/01/2024,10/31/2024,6.153846154,Percent,IU HEALTH WEST HOSPITAL,8314
6,IP,Stimulants overdose,Sex,Male,23,11/01/2024,11/30/2024,12.28070175,Percent,SANFORD TRACY MEDICAL CENTER,8315
6,IP,Cannabis overdose,Sex,Male,23,11/01/2024,11/30/2024,0.0,Percent,CLARK MEMORIAL HOSPITAL,8316
6,IP,Benzodiazepine overdose,Sex,Male,23,11/01/2024,11/30/2024,3.50877193,Percent,OCHSNER WATKINS HOSPITAL,8317
6,IP,Stimulants overdose,Sex,Male,24,12/01/2024,12/31/2024,15.78947368,Percent,WILSON MEDICAL CENTER,8318
6,IP,Cannabis overdose,Sex,Male,24,12/01/2024,12/31/2024,5.263157895,Percent,CHI ST ALEXIUS HEALTH,8319
6,IP,Benzodiazepine overdose,Sex,Male,24,12/01/2024,12/31/2024,2.631578947,Percent,SUMMITRIDGE CENTER- PSYCHIATRY & ADDICTIVE MED,8320
6,IP,Stimulants overdose,Total,Total,1,01/01/2023,01/31/2023,10.92436975,Percent,COULEE MEDICAL CENTER,8321
6,IP,Cannabis overdose,Total,Total,1,01/01/2023,01/31/2023,1.680672269,Percent,WELLSPAN GOOD SAMARITAN HOSPITAL,8322
6,IP,Benzodiazepine overdose,Total,Total,1,01/01/2023,01/31/2023,7.56302521,Percent,"TIDALHEALTH PENINSULA REGIONAL, INC",8323
6,IP,Stimulants overdose,Total,Total,2,02/01/2023,02/28/2023,16.36363636,Percent,COREWELL HEALTH ZEELAND HOSPITAL,8324
6,IP,Cannabis overdose,Total,Total,2,02/01/2023,02/28/2023,0.909090909,Percent,MAYO CLINIC HEALTH SYSTEM - WASECA,8325
6,IP,Benzodiazepine overdose,Total,Total,2,02/01/2023,02/28/2023,5.454545455,Percent,KAISER FOUNDATION HOSPITAL - ANTIOCH,8326
6,IP,Stimulants overdose,Total,Total,3,03/01/2023,03/31/2023,5.882352941,Percent,COLORADO MENTAL HEALTH HOSPITAL IN FORT LOGAN,8327
6,IP,Cannabis overdose,Total,Total,3,03/01/2023,03/31/2023,0.735294118,Percent,HARBOR BEACH COMMUNITY HOSPITAL,8328
6,IP,Benzodiazepine overdose,Total,Total,3,03/01/2023,03/31/2023,4.411764706,Percent,PALISADES MEDICAL CENTER,8329
6,IP,Stimulants overdose,Total,Total,4,04/01/2023,04/30/2023,10.37037037,Percent,CENTENNIAL PEAKS HOSPITAL,8330
6,IP,Cannabis overdose,Total,Total,4,04/01/2023,04/30/2023,1.481481481,Percent,ASCENSION SACRED HEART GULF,8331
6,IP,Benzodiazepine overdose,Total,Total,4,04/01/2023,04/30/2023,4.444444444,Percent,RIVER VISTA BEHAVIORAL HEALTH,8332
6,IP,Stimulants overdose,Total,Total,5,05/01/2023,05/31/2023,14.48275862,Percent,LAWRENCE GENERAL HOSPITAL,8333
6,IP,Cannabis overdose,Total,Total,5,05/01/2023,05/31/2023,3.448275862,Percent,FERRELL HOSPITAL COMMUNITY FOUNDATIONS,8334
6,IP,Benzodiazepine overdose,Total,Total,5,05/01/2023,05/31/2023,5.517241379,Percent,SAN GORGONIO MEMORIAL HOSPITAL,8335
6,IP,Stimulants overdose,Total,Total,6,06/01/2023,06/30/2023,12.30769231,Percent,BARNES JEWISH HOSPITAL,8336
6,IP,Cannabis overdose,Total,Total,6,06/01/2023,06/30/2023,3.076923077,Percent,CAPE CORAL HOSPITAL,8337
6,IP,Benzodiazepine overdose,Total,Total,6,06/01/2023,06/30/2023,5.384615385,Percent,MYRTUE MEDICAL CENTER,8338
6,IP,Stimulants overdose,Total,Total,7,07/01/2023,07/31/2023,10.82802548,Percent,MID HUDSON FORENSIC PSYCHIATRIC CTR,8339
6,IP,Cannabis overdose,Total,Total,7,07/01/2023,07/31/2023,1.910828025,Percent,METHODIST HOSPITALS OF MEMPHIS,8340
6,IP,Benzodiazepine overdose,Total,Total,7,07/01/2023,07/31/2023,2.547770701,Percent,SANFORD HILLSBORO,8341
6,IP,Stimulants overdose,Total,Total,8,08/01/2023,08/31/2023,12.32876712,Percent,ST ELIZABETH FT THOMAS,8342
6,IP,Cannabis overdose,Total,Total,8,08/01/2023,08/31/2023,3.424657534,Percent,DESERT VALLEY HOSPITAL,8343
6,IP,Benzodiazepine overdose,Total,Total,8,08/01/2023,08/31/2023,4.794520548,Percent,EXCEPTIONAL COMMUNITY HOSPITAL YUMA,8344
6,IP,Stimulants overdose,Total,Total,9,09/01/2023,09/30/2023,15.68627451,Percent,DOCTORS HOSPTAL AT RENAISSANCE,8345
6,IP,Cannabis overdose,Total,Total,9,09/01/2023,09/30/2023,3.921568627,Percent,MORRILL COUNTY COMMUNITY HOSPITAL,8346
6,IP,Benzodiazepine overdose,Total,Total,9,09/01/2023,09/30/2023,9.150326797,Percent,LITTLE COLORADO MEDICAL CENTER,8347
6,IP,Stimulants overdose,Total,Total,10,10/01/2023,10/31/2023,15.51724138,Percent,NORTHWESTERN MEDICINE KISHWAUKEE HOSPITAL,8348
6,IP,Cannabis overdose,Total,Total,10,10/01/2023,10/31/2023,4.310344828,Percent,GREELEY COUNTY HEALTH SERVICES,8349
6,IP,Benzodiazepine overdose,Total,Total,10,10/01/2023,10/31/2023,6.896551724,Percent,IBERIA MEDICAL CENTER,8350
6,IP,Stimulants overdose,Total,Total,11,11/01/2023,11/30/2023,13.2231405,Percent,INDIANA UNIVERSITY HEALTH BEDFORD HOSPITAL,8351
6,IP,Cannabis overdose,Total,Total,11,11/01/2023,11/30/2023,1.652892562,Percent,COOK CHILDRENS MEDICAL CENTER PROSPER,8352
6,IP,Benzodiazepine overdose,Total,Total,11,11/01/2023,11/30/2023,6.611570248,Percent,SOUTHEAST MISSOURI MENTAL HLTH CTR,8353
6,IP,Stimulants overdose,Total,Total,12,12/01/2023,12/31/2023,8.955223881,Percent,BAYLOR SCOTT & WHITE MEDICAL CENTER- AUSTIN,8354
6,IP,Cannabis overdose,Total,Total,12,12/01/2023,12/31/2023,2.985074627,Percent,CROSSRIDGE COMMUNITY HOSPITAL,8355
6,IP,Benzodiazepine overdose,Total,Total,12,12/01/2023,12/31/2023,4.47761194,Percent,GULFPORT BEHAVIORAL HEALTH  SYSTEM,8356
6,IP,Stimulants overdose,Total,Total,13,01/01/2024,01/31/2024,14.15929204,Percent,LAKELAND BEHAVIORAL HEALTH SYSTEM,8357
6,IP,Cannabis overdose,Total,Total,13,01/01/2024,01/31/2024,3.539823009,Percent,"BARNESVILLE HOSPITAL ASSOCIATION, INC",8358
6,IP,Benzodiazepine overdose,Total,Total,13,01/01/2024,01/31/2024,11.50442478,Percent,CHELSEA HOSPITAL,8359
6,IP,Stimulants overdose,Total,Total,14,02/01/2024,02/29/2024,13.26530612,Percent,WHITE RIVER MEDICAL CENTER,8360
6,IP,Cannabis overdose,Total,Total,14,02/01/2024,02/29/2024,1.020408163,Percent,CRESTWOOD MEDICAL CENTER,8361
6,IP,Benzodiazepine overdose,Total,Total,14,02/01/2024,02/29/2024,8.163265306,Percent,KEARNEY COUNTY HEALTH SERVICES HOSPITAL,8362
6,IP,Stimulants overdose,Total,Total,15,03/01/2024,03/31/2024,9.243697479,Percent,ST VERONICA,8363
6,IP,Cannabis overdose,Total,Total,15,03/01/2024,03/31/2024,2.521008403,Percent,OCEANS BEHAVIORAL HOSPITAL OF CORPUS CHRISTI,8364
6,IP,Benzodiazepine overdose,Total,Total,15,03/01/2024,03/31/2024,8.403361345,Percent,GEORGETOWN COMMUNITY HOSPITAL,8365
6,IP,Stimulants overdose,Total,Total,16,04/01/2024,04/30/2024,12.61261261,Percent,LINDSBORG COMMUNITY HOSPITAL,8366
6,IP,Cannabis overdose,Total,Total,16,04/01/2024,04/30/2024,4.504504505,Percent,COPIAH COUNTY MEDICAL CENTER,8367
6,IP,Benzodiazepine overdose,Total,Total,16,04/01/2024,04/30/2024,3.603603604,Percent,DETROIT RECEIVING HOSPITAL,8368
6,IP,Stimulants overdose,Total,Total,17,05/01/2024,05/31/2024,12.28070175,Percent,MCLAREN PORT HURON,8369
6,IP,Cannabis overdose,Total,Total,17,05/01/2024,05/31/2024,4.385964912,Percent,THE RIDGE BEHAVIORAL HEALTH SYSTEM,8370
6,IP,Benzodiazepine overdose,Total,Total,17,05/01/2024,05/31/2024,7.894736842,Percent,MINIDOKA MEMORIAL HOSPITAL,8371
6,IP,Stimulants overdose,Total,Total,18,06/01/2024,06/30/2024,16.52892562,Percent,PIEDMONT COLUMBUS REGIONAL MIDTOWN,8372
6,IP,Cannabis overdose,Total,Total,18,06/01/2024,06/30/2024,4.958677686,Percent,SAINT JOSEPH MERCY LIVINGSTON HOSPITAL,8373
6,IP,Benzodiazepine overdose,Total,Total,18,06/01/2024,06/30/2024,4.958677686,Percent,JACKSON PARISH HOSPITAL,8374
6,IP,Stimulants overdose,Total,Total,19,07/01/2024,07/31/2024,15.12605042,Percent,ALLIANCE HEALTH CENTER,8375
6,IP,Cannabis overdose,Total,Total,19,07/01/2024,07/31/2024,3.361344538,Percent,HUNTINGTON HOSPITAL,8376
6,IP,Benzodiazepine overdose,Total,Total,19,07/01/2024,07/31/2024,4.201680672,Percent,UCHEALTH HIGHLANDS RANCH HOSPITAL,8377
6,IP,Stimulants overdose,Total,Total,20,08/01/2024,08/31/2024,12.0,Percent,ALEXIAN BROTHERS MEDICAL CENTER 1,8378
6,IP,Cannabis overdose,Total,Total,20,08/01/2024,08/31/2024,4.0,Percent,TRIDENT MEDICAL CENTER,8379
6,IP,Benzodiazepine overdose,Total,Total,20,08/01/2024,08/31/2024,8.0,Percent,PROVIDENCE ST JOSEPH HOSPITAL,8380
6,IP,Stimulants overdose,Total,Total,21,09/01/2024,09/30/2024,10.43478261,Percent,KAISER PERMANENTE CENTRAL HOSPITAL,8381
6,IP,Cannabis overdose,Total,Total,21,09/01/2024,09/30/2024,2.608695652,Percent,SSM HEALTH ST MARY'S HOSPITAL - ST LOUIS,8382
6,IP,Benzodiazepine overdose,Total,Total,21,09/01/2024,09/30/2024,7.826086957,Percent,MASSAC MEMORIAL HOSPITAL,8383
6,IP,Stimulants overdose,Total,Total,22,10/01/2024,10/31/2024,9.278350515,Percent,ST JOSEPH'S HOSPITAL - SAVANNAH,8384
6,IP,Cannabis overdose,Total,Total,22,10/01/2024,10/31/2024,2.06185567,Percent,"COMMUNITY HOSPITAL SOUTH, INC.",8385
6,IP,Benzodiazepine overdose,Total,Total,22,10/01/2024,10/31/2024,7.216494845,Percent,RIVERWOODS BEHAVIORAL HEALTH SYSTEM,8386
6,IP,Stimulants overdose,Total,Total,23,11/01/2024,11/30/2024,8.0,Percent,CAREPOINT HEALTH - BAYONNE MEDICAL CENTER,8387
6,IP,Cannabis overdose,Total,Total,23,11/01/2024,11/30/2024,2.0,Percent,SAINT MARY'S STANDISH COMMUNITY HOSPITAL,8388
6,IP,Benzodiazepine overdose,Total,Total,23,11/01/2024,11/30/2024,6.0,Percent,CARLE HOOPESTON REGIONAL HEALTH CENTER,8389
6,IP,Stimulants overdose,Total,Total,24,12/01/2024,12/31/2024,15.625,Percent,THE WOODLANDS SPECIALTY HOSPITAL,8390
6,IP,Cannabis overdose,Total,Total,24,12/01/2024,12/31/2024,3.125,Percent,UNIVERSITY MCDUFFIE COUNTY REGIONAL MEDICAL CENTER,8391
6,IP,Benzodiazepine overdose,Total,Total,24,12/01/2024,12/31/2024,7.8125,Percent,KAISER FOUNDATION HOSPITAL WESTSIDE,8392
